ID,Référence biblique registre,Intitulé du registre,Accomplissement indiqué au registre,Statut registre,Partie source,État fiche,Fichier HTML,Base du repérage,Image JPG phase 10,Audio MP3 phase 10
P001,Genèse 3:15,La postérité de la femme écrasera la tête du serpent,Romains 16:20 ; Révélation 12:9 ; 20:10,Accomplie / À venir (phase finale),16_REGISTRE_PROPHETIES.md,FICHE REPÉRÉE — qualité non entièrement réauditée,FICHES8_GENESE_1.html,Ancre/carte FICHES8 reliée au champ Registre,,
P002,Genèse 9:25-27,"Canaan asservi ; Sem béni ; Japhet élargi, résidant dans les tentes de Sem",Genèse 10:1-32 ; Josué 9:23 ; 1 Rois 9:20-21,Accomplie,16_REGISTRE_PROPHETIES.md,FICHE REPÉRÉE — qualité non entièrement réauditée,FICHES8_GENESE_1.html,Ancre/carte FICHES8 reliée au champ Registre,,
P003,"Genèse 12:2, 3","Grande nation, nom grand, toutes les familles bénies","Genèse 18:18 ; 22:17-18 ; Actes 3:25 ; Galates 3:16, 29",Accomplie,16_REGISTRE_PROPHETIES.md,FICHE REPÉRÉE — qualité non entièrement réauditée,FICHES8_GENESE_1.html,Ancre/carte FICHES8 reliée au champ Registre,,
P004,Genèse 13:14-17,"La terre donnée à sa postérité, pour toujours",Josué 11:23 ; 21:43-45 ; 2 Chroniques 20:7,Accomplie,16_REGISTRE_PROPHETIES.md,FICHE REPÉRÉE — qualité non entièrement réauditée,FICHES8_GENESE_1.html,Ancre/carte FICHES8 reliée au champ Registre,,
P005,Genèse 15:4-6,Descendance aussi nombreuse que les étoiles,Exode 1:7 ; Deutéronome 1:10 ; Hébreux 11:12,Accomplie,16_REGISTRE_PROPHETIES.md,FICHE REPÉRÉE — qualité non entièrement réauditée,FICHES8_GENESE_1.html,Ancre/carte FICHES8 reliée au champ Registre,,
P006,Genèse 15:13-14,"Servitude de 400 ans, puis sortie avec de grands biens",Exode 12:35-41,Accomplie,16_REGISTRE_PROPHETIES.md,FICHE REPÉRÉE — qualité non entièrement réauditée,FICHES8_GENESE_1.html,Ancre/carte FICHES8 reliée au champ Registre,,
P007,Genèse 15:16,Retour à la quatrième génération,Exode 6:16-20 ; 12:40-41,Accomplie,16_REGISTRE_PROPHETIES.md,FICHE REPÉRÉE — qualité non entièrement réauditée,FICHES8_GENESE_2.html,Ancre/carte FICHES8 reliée au champ Registre,,
P008,Genèse 15:18-21,Frontières du pays (dix peuples),"Josué 1:3, 4 ; 11:23 ; 1 Rois 4:21",Accomplie,16_REGISTRE_PROPHETIES.md,FICHE REPÉRÉE — qualité non entièrement réauditée,FICHES8_GENESE_2.html,Ancre/carte FICHES8 reliée au champ Registre,,
P009,Genèse 16:10-12,"Ismaël : grande nation, douze chefs, vie nomade hostile",Genèse 25:12-18,Accomplie,16_REGISTRE_PROPHETIES.md,FICHE REPÉRÉE — qualité non entièrement réauditée,FICHES8_GENESE_2.html,Ancre/carte FICHES8 reliée au champ Registre,,
P010,Genèse 17:19-21,Isaac héritier de l'alliance ; Ismaël béni et multiplié,Genèse 21:1-7 ; 25:12-16,Accomplie,16_REGISTRE_PROPHETIES.md,FICHE REPÉRÉE — qualité non entièrement réauditée,FICHES8_GENESE_2.html,Ancre/carte FICHES8 reliée au champ Registre,,
P011,"Genèse 18:10, 14","Sara enfantera au temps fixé, l'année suivante",Genèse 21:1-2,Accomplie,16_REGISTRE_PROPHETIES.md,FICHE REPÉRÉE — qualité non entièrement réauditée,FICHES8_GENESE_2.html,Ancre/carte FICHES8 reliée au champ Registre,,
P012,Genèse 21:12,La postérité sera appelée par Isaac,Romains 9:7 ; Hébreux 11:18,Accomplie,16_REGISTRE_PROPHETIES.md,FICHE REPÉRÉE — qualité non entièrement réauditée,FICHES8_GENESE_2.html,Ancre/carte FICHES8 reliée au champ Registre,,
P013,Genèse 22:15-18,Postérité comme les étoiles et le sable ; elle possédera la porte de ses ennemis,Josué 21:43-45 ; 1 Rois 4:20-21 ; Galates 3:16,Accomplie,16_REGISTRE_PROPHETIES.md,FICHE REPÉRÉE — qualité non entièrement réauditée,FICHES8_GENESE_3.html,Ancre/carte FICHES8 reliée au champ Registre,,
P014,Genèse 24:60,La descendance de Rébecca possédera la porte de ses ennemis,Genèse 25:21-26 ; 27:27-29,Accomplie,16_REGISTRE_PROPHETIES.md,FICHE REPÉRÉE — qualité non entièrement réauditée,FICHES8_GENESE_3.html,Ancre/carte FICHES8 reliée au champ Registre,,
P015,Genèse 25:23,Deux nations ; l'aîné servira le plus jeune,"Genèse 25:25-26 ; Malachie 1:2, 3 ; Romains 9:10-13",Accomplie,16_REGISTRE_PROPHETIES.md,FICHE REPÉRÉE — qualité non entièrement réauditée,FICHES8_GENESE_3.html,Ancre/carte FICHES8 reliée au champ Registre,,
P016,Genèse 26:2-5,Isaac béni ; postérité multipliée comme les étoiles,Genèse 26:12-14,Accomplie,16_REGISTRE_PROPHETIES.md,FICHE REPÉRÉE — qualité non entièrement réauditée,FICHES8_GENESE_3.html,Ancre/carte FICHES8 reliée au champ Registre,,
P017,Genèse 27:27-29,Jacob : nations le serviront ; ceux qui le maudissent seront maudits,Genèse 27:41-45 ; 33:1-4,Accomplie,16_REGISTRE_PROPHETIES.md,FICHE REPÉRÉE — qualité non entièrement réauditée,FICHES8_GENESE_3.html,Ancre/carte FICHES8 reliée au champ Registre,,
P018,Genèse 27:39-40,"Ésaü : il vivra par l'épée, servira son frère, puis secouera le joug",2 Rois 8:20-22 ; Abdias 10-14,Accomplie,16_REGISTRE_PROPHETIES.md,FICHE REPÉRÉE — qualité non entièrement réauditée,FICHES8_GENESE_3.html,Ancre/carte FICHES8 reliée au champ Registre,,
P019,Genèse 28:13-15,"La terre, une postérité comme la poussière, le retour",Genèse 33:18 ; 35:6-12,Accomplie,16_REGISTRE_PROPHETIES.md,FICHE REPÉRÉE — qualité non entièrement réauditée,FICHES8_GENESE_4.html,Ancre/carte FICHES8 reliée au champ Registre,,
P020,"Genèse 35:11, 12",Une nation et une assemblée de nations sortiront de Jacob,Exode 1:7 ; 1 Rois 4:20,Accomplie,16_REGISTRE_PROPHETIES.md,FICHE REPÉRÉE — qualité non entièrement réauditée,FICHES8_GENESE_4.html,Ancre/carte FICHES8 reliée au champ Registre,,
P021,Genèse 37:5-11,Les rêves de Joseph : sa famille se prosternera devant lui,Genèse 42:6 ; 43:26 ; 44:14 ; 50:18,Accomplie,16_REGISTRE_PROPHETIES.md,FICHE REPÉRÉE — qualité non entièrement réauditée,FICHES8_GENESE_4.html,Ancre/carte FICHES8 reliée au champ Registre,,
P022,Genèse 40:8-19,"Trois jours : échanson rétabli, panetier pendu",Genèse 40:20-22,Accomplie,16_REGISTRE_PROPHETIES.md,FICHE REPÉRÉE — qualité non entièrement réauditée,FICHES8_GENESE_4.html,Ancre/carte FICHES8 reliée au champ Registre,,
P023,Genèse 41:25-32,"Sept années d'abondance, puis sept années de famine",Genèse 41:47-54,Accomplie,16_REGISTRE_PROPHETIES.md,FICHE REPÉRÉE — qualité non entièrement réauditée,FICHES8_GENESE_4.html,Ancre/carte FICHES8 reliée au champ Registre,,
P024,Genèse 45:7-11 ; 50:20,Jacob sera préservé avec toute sa maison,Genèse 46:26-27 ; 47:11-12,Accomplie,16_REGISTRE_PROPHETIES.md,FICHE REPÉRÉE — qualité non entièrement réauditée,FICHES8_GENESE_4.html,Ancre/carte FICHES8 reliée au champ Registre,,
P025,"Genèse 46:3, 4",Jacob descendra en Égypte ; Joseph lui fermera les yeux,Genèse 46:29-30 ; 49:33,Accomplie,16_REGISTRE_PROPHETIES.md,FICHE REPÉRÉE — qualité non entièrement réauditée,FICHES8_GENESE_5.html,Ancre/carte FICHES8 reliée au champ Registre,,
P026,Genèse 48:19,Éphraïm deviendra plus grand que Manassé,Deutéronome 33:17 ; Josué 17:14-18,Accomplie,16_REGISTRE_PROPHETIES.md,FICHE REPÉRÉE — qualité non entièrement réauditée,FICHES8_GENESE_5.html,Ancre/carte FICHES8 reliée au champ Registre,,
P027,"Genèse 49:3, 4","Ruben : instable, il n'aura pas la prééminence",1 Chroniques 5:1,Accomplie,16_REGISTRE_PROPHETIES.md,FICHE REPÉRÉE — qualité non entièrement réauditée,FICHES8_GENESE_5.html,Ancre/carte FICHES8 reliée au champ Registre,,
P028,Genèse 49:5-7,Siméon et Lévi dispersés en Jacob et en Israël,"Josué 19:1-9 ; 21:41, 42",Accomplie,16_REGISTRE_PROPHETIES.md,FICHE REPÉRÉE — qualité non entièrement réauditée,FICHES8_GENESE_5.html,Ancre/carte FICHES8 reliée au champ Registre,,
P029,Genèse 49:8-12,"Juda : le sceptre, le législateur, Shilo",1 Chroniques 5:2 ; 2 Samuel 7:12-16 ; Hébreux 7:14 ; Révélation 5:5,Accomplie,16_REGISTRE_PROPHETIES.md,FICHE REPÉRÉE — qualité non entièrement réauditée,FICHES8_GENESE_5.html,Ancre/carte FICHES8 reliée au champ Registre,,
P030,Genèse 49:13,Zabulon habitera près de la mer,Josué 19:10-16,Accomplie,16_REGISTRE_PROPHETIES.md,FICHE REPÉRÉE — qualité non entièrement réauditée,FICHES8_GENESE_5.html,Ancre/carte FICHES8 reliée au champ Registre,,
P031,"Genèse 49:14, 15",Issacar : le travail forcé,Josué 19:17-23,Accomplie,16_REGISTRE_PROPHETIES.md,FICHE REPÉRÉE — qualité non entièrement réauditée,FICHES8_GENESE_6.html,Ancre/carte FICHES8 reliée au champ Registre,,
P032,Genèse 49:16-18,Dan jugera son peuple,Juges 13-16 ; 18:1-31,Accomplie,16_REGISTRE_PROPHETIES.md,FICHE REPÉRÉE — qualité non entièrement réauditée,FICHES8_GENESE_6.html,Ancre/carte FICHES8 reliée au champ Registre,,
P033,Genèse 49:19,Gad : des bandes le harcèleront,1 Chroniques 5:18-22,Accomplie,16_REGISTRE_PROPHETIES.md,FICHE REPÉRÉE — qualité non entièrement réauditée,FICHES8_GENESE_6.html,Ancre/carte FICHES8 reliée au champ Registre,,
P034,Genèse 49:20,Asher : nourriture riche,Josué 19:24-31,Accomplie,16_REGISTRE_PROPHETIES.md,FICHE REPÉRÉE — qualité non entièrement réauditée,FICHES8_GENESE_6.html,Ancre/carte FICHES8 reliée au champ Registre,,
P035,Genèse 49:21,Nephtali : paroles belles,Juges 4:6-16 ; 5:18,Accomplie,16_REGISTRE_PROPHETIES.md,FICHE REPÉRÉE — qualité non entièrement réauditée,FICHES8_GENESE_6.html,Ancre/carte FICHES8 reliée au champ Registre,,
P036,Genèse 49:22-26,"Joseph : béni, bénédictions des cieux et de l'abîme",Josué 17:14-18 ; Deutéronome 33:13-17,Accomplie,16_REGISTRE_PROPHETIES.md,FICHE REPÉRÉE — qualité non entièrement réauditée,FICHES8_GENESE_6.html,Ancre/carte FICHES8 reliée au champ Registre,,
P037,Genèse 49:27,Benjamin : un rapace qui dévore,"Juges 20:15, 16 ; 1 Chroniques 8:40",Accomplie,16_REGISTRE_PROPHETIES.md,FICHE REPÉRÉE — qualité non entièrement réauditée,FICHES8_GENESE_7.html,Ancre/carte FICHES8 reliée au champ Registre,,
P038,"Genèse 50:24, 25",Dieu vous fera monter ; emportez mes ossements,Exode 13:19 ; Josué 24:32 ; Hébreux 11:22,Accomplie,16_REGISTRE_PROPHETIES.md,FICHE REPÉRÉE — qualité non entièrement réauditée,FICHES8_GENESE_7.html,Ancre/carte FICHES8 reliée au champ Registre,,
P039,Exode 3:12,Vous servirez Dieu sur cette montagne (signe donné à Moïse),"Exode 19:1-3, 16-19",Accomplie,16_REGISTRE_PROPHETIES.md,FICHE REPÉRÉE — qualité non entièrement réauditée,FICHES8_GENESE_7.html,Ancre/carte FICHES8 reliée au champ Registre,,
P040,Exode 6:2-8,Sortie d'Égypte et don de la terre,"Exode 12:51 ; 14:30, 31 ; Josué 21:43",Accomplie,16_REGISTRE_PROPHETIES.md,FICHE REPÉRÉE — qualité non entièrement réauditée,FICHES8_GENESE_7.html,Ancre/carte FICHES8 reliée au champ Registre,,
P041,Exode 9:16,Mon nom sera proclamé par toute la terre,Exode 9:16 ; Romains 9:17,Accomplie,16_REGISTRE_PROPHETIES.md,FICHE REPÉRÉE — qualité non entièrement réauditée,FICHES8_GENESE_7.html,Ancre/carte FICHES8 reliée au champ Registre,,
P042,"Exode 12:12, 13",Jugement sur les dieux de l'Égypte ; le sang comme signe,"Exode 12:29-30, 51",Accomplie,16_REGISTRE_PROPHETIES.md,FICHE REPÉRÉE — qualité non entièrement réauditée,FICHES8_GENESE_7.html,Ancre/carte FICHES8 reliée au champ Registre,,
P043,Exode 12:14-17,"La Pâque, ordonnance permanente","Josué 5:10 ; 2 Rois 23:21-23 ; Luc 22:19, 20",Accomplie,16_REGISTRE_PROPHETIES.md,FICHE REPÉRÉE — qualité non entièrement réauditée,FICHES8_EXODE_1.html,Ancre/carte FICHES8 reliée au champ Registre,,
P044,Exode 14:4,Pharaon poursuivra Israël,"Exode 14:8-10, 23-28",Accomplie,16_REGISTRE_PROPHETIES.md,FICHE REPÉRÉE — qualité non entièrement réauditée,FICHES8_EXODE_1.html,Ancre/carte FICHES8 reliée au champ Registre,,
P045,"Exode 19:5, 6","Israël : royaume de prêtres, nation sainte",1 Pierre 2:9 ; Révélation 5:10,Accomplie (application spirituelle),16_REGISTRE_PROPHETIES.md,FICHE REPÉRÉE — qualité non entièrement réauditée,FICHES8_EXODE_1.html,Ancre/carte FICHES8 reliée au champ Registre,,
P046,"Exode 32:33, 34",Le jour où je ferai rendre des comptes,Exode 32:35 ; Nombres 14:26-35,Accomplie,16_REGISTRE_PROPHETIES.md,FICHE REPÉRÉE — qualité non entièrement réauditée,FICHES8_EXODE_1.html,Ancre/carte FICHES8 reliée au champ Registre,,
P047,Exode 33:1-3,Montée vers le pays ; un ange devant eux,Josué 1:2-6 ; 11:23,Accomplie,16_REGISTRE_PROPHETIES.md,FICHE REPÉRÉE — qualité non entièrement réauditée,FICHES8_EXODE_1.html,Ancre/carte FICHES8 reliée au champ Registre,,
P048,Lévitique 26:14-39,"Malédictions : épée, peste, famine, dispersion parmi les nations","2 Rois 17:5-23 ; 25:1-11 ; Lamentations 4:9, 10",Accomplie,16_REGISTRE_PROPHETIES.md,FICHE REPÉRÉE — qualité non entièrement réauditée,FICHES8_EXODE_1.html,Ancre/carte FICHES8 reliée au champ Registre,,
P049,"Lévitique 26:34, 35, 43",La terre jouira de ses sabbats pendant la désolation,"2 Chroniques 36:20, 21 ; Jérémie 25:11 ; Daniel 9:2",Accomplie,16_REGISTRE_PROPHETIES.md,FICHE REPÉRÉE — qualité non entièrement réauditée,FICHES8_EXODE_2.html,Ancre/carte FICHES8 reliée au champ Registre,,
P050,Lévitique 26:40-45,"Confession, retour, souvenir de l'alliance",Esdras 1:1-4 ; Néhémie 1:8-9,Accomplie,16_REGISTRE_PROPHETIES.md,FICHE REPÉRÉE — qualité non entièrement réauditée,FICHES8_EXODE_2.html,Ancre/carte FICHES8 reliée au champ Registre,,
P051,Nombres 14:26-35,Quarante ans : la génération désobéissante mourra au désert,Nombres 26:63-65 ; 32:10-13 ; Deutéronome 2:14,Accomplie,16_REGISTRE_PROPHETIES.md,FICHE REPÉRÉE — qualité non entièrement réauditée,FICHES8_EXODE_2.html,Ancre/carte FICHES8 reliée au champ Registre,,
P052,Nombres 23:19-24,Dieu ne ment pas ; Israël se lèvera comme un lion,Nombres 24:1-9 ; 2 Samuel 8:1-14,Accomplie,16_REGISTRE_PROPHETIES.md,FICHE REPÉRÉE — qualité non entièrement réauditée,FICHES8_EXODE_2.html,Ancre/carte FICHES8 reliée au champ Registre,,
P053,Nombres 24:17-19,"Une étoile sortira de Jacob, un sceptre d'Israël","2 Samuel 8:2, 14 ; Psaume 2 ; Révélation 22:16",Accomplie / À venir,16_REGISTRE_PROPHETIES.md,FICHE REPÉRÉE — qualité non entièrement réauditée,FICHES8_EXODE_2.html,Ancre/carte FICHES8 reliée au champ Registre,,
P054,Nombres 24:20-24,Amalek finira ; les navires de Kittim humilieront Assour et Éber,"1 Samuel 15:7, 8 ; 1 Chroniques 4:41-43 ; conquêtes grecques",Accomplie,16_REGISTRE_PROPHETIES.md,FICHE REPÉRÉE — qualité non entièrement réauditée,FICHES8_EXODE_2.html,Ancre/carte FICHES8 reliée au champ Registre,,
P055,"Nombres 33:55, 56",Les habitants non chassés deviendront des épines,"Josué 23:12, 13 ; Juges 2:3 ; 3:5-7",Accomplie,16_REGISTRE_PROPHETIES.md,FICHE REPÉRÉE — qualité non entièrement réauditée,FICHES8_DEUTERONOME_1.html,Ancre/carte FICHES8 reliée au champ Registre,,
P056,Deutéronome 4:25-31,"Dispersion, puis recherche de Dieu et retour",2 Rois 17:6 ; 25:21 ; Néhémie 1:8-9,Accomplie,16_REGISTRE_PROPHETIES.md,FICHE REPÉRÉE — qualité non entièrement réauditée,FICHES8_DEUTERONOME_1.html,Ancre/carte FICHES8 reliée au champ Registre,,
P057,Deutéronome 17:14-20,"Le roi : ni chevaux multipliés, ni femmes, ni argent en abondance",1 Rois 4:26 ; 10:14-29 ; 11:1-8,Accomplie (constat du récit),16_REGISTRE_PROPHETIES.md,FICHE REPÉRÉE — qualité non entièrement réauditée,FICHES8_DEUTERONOME_1.html,Ancre/carte FICHES8 reliée au champ Registre,,
P058,Deutéronome 18:15-19,Un prophète comme Moïse : celui qui l'écoute vivra,Actes 3:19-23 ; 7:37,Accomplie,16_REGISTRE_PROPHETIES.md,FICHE REPÉRÉE — qualité non entièrement réauditée,FICHES8_DEUTERONOME_1.html,Ancre/carte FICHES8 reliée au champ Registre,,
P059,"Deutéronome 21:22, 23",Pendu au bois : maudit de Dieu,Galates 3:13,Accomplie (application),16_REGISTRE_PROPHETIES.md,FICHE REPÉRÉE — qualité non entièrement réauditée,FICHES8_DEUTERONOME_1.html,Ancre/carte FICHES8 reliée au champ Registre,,
P060,Deutéronome 28:15-68,"Siège, épidémies, dispersion, oppression, retour en Égypte","2 Rois 6:24-29 ; 17:5-6 ; Lamentations 4:9-11 ; Luc 19:43, 44 ; 21:24",Accomplie,16_REGISTRE_PROPHETIES.md,FICHE REPÉRÉE — qualité non entièrement réauditée,FICHES8_DEUTERONOME_1.html,Ancre/carte FICHES8 reliée au champ Registre,,
P061,Deutéronome 29:22-28,Les passants demanderont pourquoi ; la réponse est donnée,"1 Rois 9:8, 9 ; Jérémie 22:8, 9",Accomplie,16_REGISTRE_PROPHETIES.md,FICHE REPÉRÉE — qualité non entièrement réauditée,FICHES8_DEUTERONOME_2.html,Ancre/carte FICHES8 reliée au champ Registre,,
P062,Deutéronome 30:1-10,"Rassemblement des dispersés, cœur circoncis","Néhémie 1:8, 9 ; Jérémie 31:31-34",Accomplie / À venir,16_REGISTRE_PROPHETIES.md,FICHE REPÉRÉE — qualité non entièrement réauditée,FICHES8_DEUTERONOME_2.html,Ancre/carte FICHES8 reliée au champ Registre,,
P063,Deutéronome 31:16-21,Apostasie prévue ; le cantique servira de témoin,Juges 2:11-19 ; 3:5-7,Accomplie,16_REGISTRE_PROPHETIES.md,FICHE REPÉRÉE — qualité non entièrement réauditée,FICHES8_DEUTERONOME_2.html,Ancre/carte FICHES8 reliée au champ Registre,,
P064,Deutéronome 32:15-43,"Cantique : vengeance, jugement des nations, expiation de la terre",Romains 12:19 ; 15:10 ; Hébreux 10:30 ; Révélation 19:2,Accomplie / À venir,16_REGISTRE_PROPHETIES.md,FICHE REPÉRÉE — qualité non entièrement réauditée,FICHES8_DEUTERONOME_2.html,Ancre/carte FICHES8 reliée au champ Registre,,
P065,Deutéronome 33:1-29,Bénédictions de Moïse par tribu,Josué 13-21,Accomplie,16_REGISTRE_PROPHETIES.md,FICHE REPÉRÉE — qualité non entièrement réauditée,FICHES8_DEUTERONOME_2.html,Ancre/carte FICHES8 reliée au champ Registre,,
P066,Josué 6:26,Jéricho rebâtie au prix du premier-né et du plus jeune fils,1 Rois 16:34,Accomplie,16_REGISTRE_PROPHETIES.md,FICHE REPÉRÉE — qualité non entièrement réauditée,FICHES8_DEUTERONOME_2.html,Ancre/carte FICHES8 reliée au champ Registre,,
P067,Josué 23:14-16,Malheur si apostasie : ils quitteront le bon pays,Juges 2:11-15 ; 2 Rois 17:7-23,Accomplie,16_REGISTRE_PROPHETIES.md,FICHE REPÉRÉE — qualité non entièrement réauditée,FICHES8_SAMUEL_1.html,Ancre/carte FICHES8 reliée au champ Registre,,
P068,1 Samuel 2:27-36,Jugement sur la maison d'Éli ; sacerdoce transféré à un fidèle,"1 Samuel 4:11-18 ; 22:18-20 ; 1 Rois 2:26, 27",Accomplie,16_REGISTRE_PROPHETIES.md,FICHE REPÉRÉE — qualité non entièrement réauditée,FICHES8_SAMUEL_1.html,Ancre/carte FICHES8 reliée au champ Registre,,
P069,1 Samuel 3:11-14,Jugement irréversible sur la maison d'Éli,1 Samuel 4:1-11,Accomplie,16_REGISTRE_PROPHETIES.md,FICHE REPÉRÉE — qualité non entièrement réauditée,FICHES8_SAMUEL_1.html,Ancre/carte FICHES8 reliée au champ Registre,,
P070,"1 Samuel 13:13, 14",La royauté de Saül ne subsistera pas ; un homme selon le cœur de Dieu,1 Samuel 15:26-28 ; 16:13 ; 31:6,Accomplie,16_REGISTRE_PROPHETIES.md,FICHE REPÉRÉE — qualité non entièrement réauditée,FICHES8_SAMUEL_1.html,Ancre/carte FICHES8 reliée au champ Registre,,
P071,1 Samuel 15:28,Le royaume donné à un compagnon meilleur,1 Samuel 16:13 ; 2 Samuel 5:1-5,Accomplie,16_REGISTRE_PROPHETIES.md,FICHE REPÉRÉE — qualité non entièrement réauditée,FICHES8_SAMUEL_1.html,Ancre/carte FICHES8 reliée au champ Registre,,
P072,1 Samuel 28:16-19,Saül et ses fils tomberont aux mains des Philistins,1 Samuel 31:1-6,Accomplie,16_REGISTRE_PROPHETIES.md,FICHE REPÉRÉE — qualité non entièrement réauditée,FICHES8_SAMUEL_1.html,Ancre/carte FICHES8 reliée au champ Registre,,
P073,2 Samuel 7:8-16,Maison et trône de David affermis pour toujours ; Salomon bâtira,"1 Rois 8:17-20 ; Psaume 89:3, 4 ; Luc 1:32, 33",Accomplie / À venir,16_REGISTRE_PROPHETIES.md,FICHE REPÉRÉE — qualité non entièrement réauditée,FICHES8_ROIS_1.html,Ancre/carte FICHES8 reliée au champ Registre,,
P074,2 Samuel 12:10-12,L'épée ne s'écartera pas de la maison ; le malheur surgira de ses proches,"2 Samuel 13-18 ; 16:21, 22",Accomplie,16_REGISTRE_PROPHETIES.md,FICHE REPÉRÉE — qualité non entièrement réauditée,FICHES8_ROIS_1.html,Ancre/carte FICHES8 reliée au champ Registre,,
P075,1 Rois 9:3-9,La maison sera rejetée ; les passants demanderont pourquoi,"2 Rois 25:8, 9 ; Jérémie 22:8, 9",Accomplie,16_REGISTRE_PROPHETIES.md,FICHE REPÉRÉE — qualité non entièrement réauditée,FICHES8_ROIS_1.html,Ancre/carte FICHES8 reliée au champ Registre,,
P076,1 Rois 11:29-39,Dix tribus à Jéroboam ; une tribu pour David ; affliction de sa postérité,1 Rois 12:15-24,Accomplie,16_REGISTRE_PROPHETIES.md,FICHE REPÉRÉE — qualité non entièrement réauditée,FICHES8_ROIS_1.html,Ancre/carte FICHES8 reliée au champ Registre,,
P077,1 Rois 13:2-5,Un roi nommé Josias ; signe immédiat : l'autel se déchire,1 Rois 13:5 ; 2 Rois 23:15-20,Accomplie,16_REGISTRE_PROPHETIES.md,FICHE REPÉRÉE — qualité non entièrement réauditée,FICHES8_ROIS_1.html,Ancre/carte FICHES8 reliée au champ Registre,,
P078,1 Rois 14:6-16,Mort d'Abiya dès l'entrée de la ville ; maison de Jéroboam effacée,"1 Rois 14:17, 18 ; 15:29, 30",Accomplie,16_REGISTRE_PROPHETIES.md,FICHE REPÉRÉE — qualité non entièrement réauditée,FICHES8_ROIS_1.html,Ancre/carte FICHES8 reliée au champ Registre,,
P079,1 Rois 16:1-4,La maison de Baasha sera effacée,1 Rois 16:11-13,Accomplie,16_REGISTRE_PROPHETIES.md,FICHE REPÉRÉE — qualité non entièrement réauditée,FICHES8_ROIS_2.html,Ancre/carte FICHES8 reliée au champ Registre,,
P080,1 Rois 17:1,"Ni rosée ni pluie ces années-ci, sinon par sa parole","1 Rois 18:1, 41-45 ; Jacques 5:17",Accomplie,16_REGISTRE_PROPHETIES.md,FICHE REPÉRÉE — qualité non entièrement réauditée,FICHES8_ROIS_2.html,Ancre/carte FICHES8 reliée au champ Registre,,
P081,"1 Rois 20:13, 14, 28",Deux victoires sur la Syrie,"1 Rois 20:19-21, 29, 30",Accomplie,16_REGISTRE_PROPHETIES.md,FICHE REPÉRÉE — qualité non entièrement réauditée,FICHES8_ROIS_2.html,Ancre/carte FICHES8 reliée au champ Registre,,
P082,1 Rois 21:19-24,Les chiens lécheront le sang d'Achab ; Jézabel sera mangée,"1 Rois 22:37, 38 ; 2 Rois 9:30-37",Accomplie,16_REGISTRE_PROPHETIES.md,FICHE REPÉRÉE — qualité non entièrement réauditée,FICHES8_ROIS_2.html,Ancre/carte FICHES8 reliée au champ Registre,,
P083,1 Rois 22:17-23,Israël sera dispersé ; un esprit de mensonge dans la bouche des prophètes,1 Rois 22:29-37,Accomplie,16_REGISTRE_PROPHETIES.md,FICHE REPÉRÉE — qualité non entièrement réauditée,FICHES8_ROIS_2.html,Ancre/carte FICHES8 reliée au champ Registre,,
P084,2 Rois 1:3-17,Achazia ne se relèvera pas du lit,2 Rois 1:17,Accomplie,16_REGISTRE_PROPHETIES.md,FICHE REPÉRÉE — qualité non entièrement réauditée,FICHES8_ROIS_2.html,Ancre/carte FICHES8 reliée au champ Registre,,
P085,2 Rois 3:16-19,Les fosses seront remplies d'eau ; Moab livré,2 Rois 3:20-25,Accomplie,16_REGISTRE_PROPHETIES.md,FICHE REPÉRÉE — qualité non entièrement réauditée,FICHES8_ROIS_3.html,Ancre/carte FICHES8 reliée au champ Registre,,
P086,"2 Rois 4:16, 17",La Sunamite aura un fils l'année suivante,2 Rois 4:17,Accomplie,16_REGISTRE_PROPHETIES.md,FICHE REPÉRÉE — qualité non entièrement réauditée,FICHES8_ROIS_3.html,Ancre/carte FICHES8 reliée au champ Registre,,
P087,"2 Rois 4:43, 44",Vingt pains suffiront : on en mangera et il en restera,2 Rois 4:44,Accomplie,16_REGISTRE_PROPHETIES.md,FICHE REPÉRÉE — qualité non entièrement réauditée,FICHES8_ROIS_3.html,Ancre/carte FICHES8 reliée au champ Registre,,
P088,2 Rois 5:27,La lèpre de Naamân s'attachera à Guéhazi et à sa descendance,2 Rois 5:27,Accomplie,16_REGISTRE_PROPHETIES.md,FICHE REPÉRÉE — qualité non entièrement réauditée,FICHES8_ROIS_3.html,Ancre/carte FICHES8 reliée au champ Registre,,
P089,"2 Rois 7:1, 2",En vingt-quatre heures le prix des vivres s'effondrera ; l'officier verra sans manger,2 Rois 7:16-20,Accomplie,16_REGISTRE_PROPHETIES.md,FICHE REPÉRÉE — qualité non entièrement réauditée,FICHES8_ROIS_3.html,Ancre/carte FICHES8 reliée au champ Registre,,
P090,2 Rois 8:10-13,Hazaël deviendra roi et frappera Israël,"2 Rois 8:14, 15 ; 10:32, 33 ; 12:17, 18",Accomplie,16_REGISTRE_PROPHETIES.md,FICHE REPÉRÉE — qualité non entièrement réauditée,FICHES8_ROIS_3.html,Ancre/carte FICHES8 reliée au champ Registre,,
P091,2 Rois 9:6-10,Jéhu effacera la maison d'Achab,2 Rois 9:24-37 ; 10:11-17,Accomplie,16_REGISTRE_PROPHETIES.md,FICHE REPÉRÉE — qualité non entièrement réauditée,FICHES8_ROIS_4.html,Ancre/carte FICHES8 reliée au champ Registre,,
P092,2 Rois 10:30,Tes fils jusqu'à la quatrième génération siégeront sur le trône,2 Rois 13:1-9 ; 14:23 ; 15:8-12,Accomplie,16_REGISTRE_PROPHETIES.md,FICHE REPÉRÉE — qualité non entièrement réauditée,FICHES8_ROIS_4.html,Ancre/carte FICHES8 reliée au champ Registre,,
P093,2 Rois 13:14-19,"Trois victoires sur la Syrie, pas plus",2 Rois 13:25,Accomplie,16_REGISTRE_PROPHETIES.md,FICHE REPÉRÉE — qualité non entièrement réauditée,FICHES8_ROIS_4.html,Ancre/carte FICHES8 reliée au champ Registre,,
P094,"2 Rois 19:6, 7",Sennachérib rentrera dans son pays et tombera par l'épée,2 Rois 19:35-37,Accomplie,16_REGISTRE_PROPHETIES.md,FICHE REPÉRÉE — qualité non entièrement réauditée,FICHES8_ROIS_4.html,Ancre/carte FICHES8 reliée au champ Registre,,
P095,2 Rois 19:32-34,"La ville ne sera pas prise : ni flèche, ni remblai, ni brèche","2 Rois 19:35, 36",Accomplie,16_REGISTRE_PROPHETIES.md,FICHE REPÉRÉE — qualité non entièrement réauditée,FICHES8_ROIS_4.html,Ancre/carte FICHES8 reliée au champ Registre,,
P096,"2 Rois 20:5, 6",Guérison le troisième jour ; quinze années ajoutées,2 Rois 20:7-11,Accomplie,16_REGISTRE_PROPHETIES.md,FICHE REPÉRÉE — qualité non entièrement réauditée,FICHES8_ROIS_4.html,Ancre/carte FICHES8 reliée au champ Registre,,
P097,2 Rois 20:16-18,Trésors et descendants emmenés à Babylone,2 Rois 24:13 ; 25:13-17 ; Daniel 1:1-7,Accomplie,16_REGISTRE_PROPHETIES.md,FICHE REPÉRÉE — qualité non entièrement réauditée,FICHES8_ROIS_5_CHRONIQUES_1.html,Ancre/carte FICHES8 reliée au champ Registre,,
P098,2 Rois 21:10-15,Jérusalem livrée ; le reste de l'héritage rejeté,2 Rois 24; 25,Accomplie,16_REGISTRE_PROPHETIES.md,FICHE REPÉRÉE — qualité non entièrement réauditée,FICHES8_ROIS_5_CHRONIQUES_1.html,Ancre/carte FICHES8 reliée au champ Registre,,
P099,2 Rois 22:15-20,Josias sera recueilli en paix ; il ne verra pas le malheur,"2 Rois 23:29, 30 ; 2 Chroniques 35:23, 24",Accomplie,16_REGISTRE_PROPHETIES.md,FICHE REPÉRÉE — qualité non entièrement réauditée,FICHES8_ROIS_5_CHRONIQUES_1.html,Ancre/carte FICHES8 reliée au champ Registre,,
P100,2 Chroniques 12:5-8,Shishaq dominera ; mais la ruine ne sera pas complète,2 Chroniques 12:9-12,Accomplie,16_REGISTRE_PROPHETIES.md,FICHE REPÉRÉE — qualité non entièrement réauditée,FICHES8_ROIS_5_CHRONIQUES_1.html,Ancre/carte FICHES8 reliée au champ Registre,,
P101,"2 Chroniques 20:15-17, 20","La bataille n'est pas la vôtre ; tenez-vous là, voyez le salut",2 Chroniques 20:22-25,Accomplie,16_REGISTRE_PROPHETIES.md,FICHE REPÉRÉE — qualité non entièrement réauditée,FICHES8_ROIS_5_CHRONIQUES_1.html,Ancre/carte FICHES8 reliée au champ Registre,,
P102,2 Chroniques 24:20-22,Une petite troupe syrienne vaincra Juda,2 Chroniques 24:23-25,Accomplie,16_REGISTRE_PROPHETIES.md,FICHE REPÉRÉE — qualité non entièrement réauditée,FICHES8_ROIS_5_CHRONIQUES_1.html,Ancre/carte FICHES8 reliée au champ Registre,,
P103,2 Chroniques 28:9-11,Les 200 000 captifs de Juda seront renvoyés,2 Chroniques 28:12-15,Accomplie,16_REGISTRE_PROPHETIES.md,FICHE REPÉRÉE — qualité non entièrement réauditée,FICHES8_CH_ED_NE_IS.html,Ancre/carte FICHES8 reliée au champ Registre,,
P104,2 Chroniques 36:20-21,"Soixante-dix ans, jusqu'à ce que la terre ait accompli ses sabbats",Esdras 1:1-4 ; Daniel 9:2,Accomplie,16_REGISTRE_PROPHETIES.md,FICHE REPÉRÉE — qualité non entièrement réauditée,FICHES8_CH_ED_NE_IS.html,Ancre/carte FICHES8 reliée au champ Registre,,
P105,Esdras 1:1-4,Le décret de Cyrus et la reconstruction de la maison,Esdras 1:5-11 ; 6:3-15,Accomplie,16_REGISTRE_PROPHETIES.md,FICHE REPÉRÉE — qualité non entièrement réauditée,FICHES8_CH_ED_NE_IS.html,Ancre/carte FICHES8 reliée au champ Registre,,
P106,"Néhémie 1:8, 9",Rassemblement des dispersés vers le lieu choisi,Néhémie 7:6 ; 8:1-18,Accomplie,16_REGISTRE_PROPHETIES.md,FICHE REPÉRÉE — qualité non entièrement réauditée,FICHES8_CH_ED_NE_IS.html,Ancre/carte FICHES8 reliée au champ Registre,,
P107,Isaïe 1:7-9,Le pays ravagé ; la fille de Sion laissée comme un abri de veilleur,2 Rois 18:13-16 ; 25:8-11,Accomplie,16_REGISTRE_PROPHETIES.md,FICHE REPÉRÉE — qualité non entièrement réauditée,FICHES8_CH_ED_NE_IS.html,Ancre/carte FICHES8 reliée au champ Registre,,
P108,Isaïe 2:2-4,Les nations affluent vers la maison de Jéhovah ; épées transformées en socs,Michée 4:1-3 ; Actes 2:1-11,En cours,16_REGISTRE_PROPHETIES.md,FICHE REPÉRÉE — qualité non entièrement réauditée,FICHES8_CH_ED_NE_IS.html,Ancre/carte FICHES8 reliée au champ Registre,,
P109,Isaïe 5:26-30,Une nation lointaine est sifflée ; rugissement de lion sur la proie,"2 Rois 17:5, 6 ; 25:1-11",Accomplie,16_REGISTRE_PROPHETIES.md,FICHE REPÉRÉE — qualité non entièrement réauditée,FICHES8_ISAIE_2.html,Ancre/carte FICHES8 reliée au champ Registre,,
P110,Isaïe 6:9-13,Le cœur s'engraisse ; la terre devient déserte ; la dixième partie demeure,"Matthieu 13:14, 15 ; Actes 28:25-27",Accomplie,16_REGISTRE_PROPHETIES.md,FICHE REPÉRÉE — qualité non entièrement réauditée,FICHES8_ISAIE_2.html,Ancre/carte FICHES8 reliée au champ Registre,,
P111,Isaïe 7:1-7,La coalition syro-éphraïmite échouera,2 Rois 16:5-9 ; 2 Chroniques 28:5-8,Accomplie,16_REGISTRE_PROPHETIES.md,FICHE REPÉRÉE — qualité non entièrement réauditée,FICHES8_ISAIE_2.html,Ancre/carte FICHES8 reliée au champ Registre,,
P112,Isaïe 7:8,En soixante-cinq ans Éphraïm sera brisé et cessera d'être un peuple,"2 Rois 17:5, 6 ; 18:9-11",Accomplie,16_REGISTRE_PROPHETIES.md,FICHE REPÉRÉE — qualité non entièrement réauditée,FICHES8_ISAIE_2.html,Ancre/carte FICHES8 reliée au champ Registre,,
P113,Isaïe 7:14,La jeune femme enfantera un fils appelé Immanuël,Matthieu 1:18-23 ; Luc 1:26-31,Accomplie,16_REGISTRE_PROPHETIES.md,FICHE REPÉRÉE — qualité non entièrement réauditée,FICHES8_ISAIE_2.html,Ancre/carte FICHES8 reliée au champ Registre,,
P114,Isaïe 7:17-25,L'Assyrie submergera Juda,2 Rois 18:13-16,Accomplie,16_REGISTRE_PROPHETIES.md,FICHE REPÉRÉE — qualité non entièrement réauditée,FICHES8_ISAIE_2.html,Ancre/carte FICHES8 reliée au champ Registre,,
P115,Isaïe 8:1-4,"Avant que l'enfant dise « papa », Damas et Samarie seront pillées",2 Rois 15:29 ; 16:9,Accomplie,16_REGISTRE_PROPHETIES.md,FICHE REPÉRÉE — qualité non entièrement réauditée,FICHES8_ISAIE_3.html,Ancre/carte FICHES8 reliée au champ Registre,,
P116,"Isaïe 8:7, 8","Le fleuve débordera sur Juda, atteignant le cou sans le submerger",2 Rois 18:13-17 ; 19:32-34,Accomplie,16_REGISTRE_PROPHETIES.md,FICHE REPÉRÉE — qualité non entièrement réauditée,FICHES8_ISAIE_3.html,Ancre/carte FICHES8 reliée au champ Registre,,
P117,"Isaïe 8:14, 15",Pierre de trébuchement et rocher de scandale,"Luc 2:34 ; Romains 9:32, 33 ; 1 Pierre 2:8",Accomplie,16_REGISTRE_PROPHETIES.md,FICHE REPÉRÉE — qualité non entièrement réauditée,FICHES8_ISAIE_3.html,Ancre/carte FICHES8 reliée au champ Registre,,
P118,"Isaïe 8:17, 18",Moi et les enfants que Jéhovah a donnés : signes en Israël,Hébreux 2:13,Accomplie,16_REGISTRE_PROPHETIES.md,FICHE REPÉRÉE — qualité non entièrement réauditée,FICHES8_ISAIE_3.html,Ancre/carte FICHES8 reliée au champ Registre,,
P119,"Isaïe 9:1, 2","La Galilée, la terre de Zabulon et de Nephtali, verra une grande lumière",Matthieu 4:12-17,Accomplie,16_REGISTRE_PROPHETIES.md,FICHE REPÉRÉE — qualité non entièrement réauditée,FICHES8_ISAIE_3.html,Ancre/carte FICHES8 reliée au champ Registre,,
P120,Isaïe 9:3-7,Le Prince de la paix : le trône de David affermi pour toujours,"Luc 1:32, 33 ; Révélation 11:15",Accomplie / À venir,16_REGISTRE_PROPHETIES.md,FICHE REPÉRÉE — qualité non entièrement réauditée,FICHES8_ISAIE_3.html,Ancre/carte FICHES8 reliée au champ Registre,,
P121,Isaïe 10:5-19,"L'Assyrie, bâton de colère, sera à son tour abattue",2 Rois 19:35-37,Accomplie,16_REGISTRE_PROPHETIES.md,FICHE REPÉRÉE — qualité non entièrement réauditée,FICHES8_ISAIE_4.html,Ancre/carte FICHES8 reliée au champ Registre,,
P122,Isaïe 10:20-23,Le reste reviendra au Dieu fort,"2 Rois 19:30, 31 ; Romains 9:27, 28",Accomplie,16_REGISTRE_PROPHETIES.md,FICHE REPÉRÉE — qualité non entièrement réauditée,FICHES8_ISAIE_4.html,Ancre/carte FICHES8 reliée au champ Registre,,
P123,Isaïe 11:1-5,Un rameau sortira de la souche de Jessé ; il jugera avec justice,Romains 15:12 ; Révélation 5:5,Accomplie,16_REGISTRE_PROPHETIES.md,FICHE REPÉRÉE — qualité non entièrement réauditée,FICHES8_ISAIE_4.html,Ancre/carte FICHES8 reliée au champ Registre,,
P124,Isaïe 11:6-10,Paix entre l'homme et les animaux ; les nations cherchent le rameau,Michée 4:1-3,À venir,16_REGISTRE_PROPHETIES.md,FICHE REPÉRÉE — qualité non entièrement réauditée,FICHES8_ISAIE_4.html,Ancre/carte FICHES8 reliée au champ Registre,,
P125,Isaïe 11:11-16,Second rassemblement des dispersés,Esdras 2:1 ; 8:1-14,Accomplie / À venir,16_REGISTRE_PROPHETIES.md,FICHE REPÉRÉE — qualité non entièrement réauditée,FICHES8_ISAIE_4.html,Ancre/carte FICHES8 reliée au champ Registre,,
P126,Isaïe 13:1-22,"Babylone prise par les Mèdes ; jamais plus habitée, comme Sodome","Daniel 5:30, 31 ; site désertique attesté",Accomplie,16_REGISTRE_PROPHETIES.md,FICHE REPÉRÉE — qualité non entièrement réauditée,FICHES8_ISAIE_4.html,Ancre/carte FICHES8 reliée au champ Registre,,
P127,"Isaïe 14:1, 2","Israël rétabli sur sa terre, maître de ses oppresseurs",Esdras 1:1-11,Accomplie,16_REGISTRE_PROPHETIES.md,FICHE REPÉRÉE — qualité non entièrement réauditée,FICHES8_ISAIE_5.html,Ancre/carte FICHES8 reliée au champ Registre,,
P128,Isaïe 14:4-23,Le roi de Babylone précipité ; son trône renversé,Daniel 5:30,Accomplie,16_REGISTRE_PROPHETIES.md,FICHE REPÉRÉE — qualité non entièrement réauditée,FICHES8_ISAIE_5.html,Ancre/carte FICHES8 reliée au champ Registre,,
P129,Isaïe 14:24-27,L'Assyrie sera brisée dans le pays de Jéhovah,2 Rois 19:35-37,Accomplie,16_REGISTRE_PROPHETIES.md,FICHE REPÉRÉE — qualité non entièrement réauditée,FICHES8_ISAIE_5.html,Ancre/carte FICHES8 reliée au champ Registre,,
P130,Isaïe 15:1-16:14,"Moab dévasté, sa gloire ruinée en trois ans exactement",2 Rois 3:24-27 ; invasions assyriennes,Accomplie,16_REGISTRE_PROPHETIES.md,FICHE REPÉRÉE — qualité non entièrement réauditée,FICHES8_ISAIE_5.html,Ancre/carte FICHES8 reliée au champ Registre,,
P131,Isaïe 17:1-11,Damas cesse d'être une ville ; elle devient un tas de ruines,2 Rois 16:9,Accomplie,16_REGISTRE_PROPHETIES.md,FICHE REPÉRÉE — qualité non entièrement réauditée,FICHES8_ISAIE_5.html,Ancre/carte FICHES8 reliée au champ Registre,,
P132,Isaïe 19:1-17,L'Égypte livrée à un maître dur et à un roi tyrannique,Ézéchiel 29:19 ; conquêtes assyriennes et perses,Accomplie,16_REGISTRE_PROPHETIES.md,FICHE REPÉRÉE — qualité non entièrement réauditée,FICHES8_ISAIE_5.html,Ancre/carte FICHES8 reliée au champ Registre,,
P133,Isaïe 19:18-25,"Autel à Jéhovah en Égypte ; Égypte, Assyrie et Israël bénis",Actes 2:10 ; 18:24,Accomplie (1er accomplissement),16_REGISTRE_PROPHETIES.md,FICHE REPÉRÉE — qualité non entièrement réauditée,FICHES8_ISAIE_6.html,Ancre/carte FICHES8 reliée au champ Registre,,
P134,Isaïe 20:1-6,Isaïe marche nu et pieds nus : Ashdod tombera devant l'Assyrie,2 Rois 18:17 ; annales de Sargon II (711 av. n. è.),Accomplie,16_REGISTRE_PROPHETIES.md,FICHE REPÉRÉE — qualité non entièrement réauditée,FICHES8_ISAIE_6.html,Ancre/carte FICHES8 reliée au champ Registre,,
P135,Isaïe 21:1-10,Babylone est tombée ; Bel est brisé,"Daniel 5:30, 31",Accomplie,16_REGISTRE_PROPHETIES.md,FICHE REPÉRÉE — qualité non entièrement réauditée,FICHES8_ISAIE_6.html,Ancre/carte FICHES8 reliée au champ Registre,,
P136,"Isaïe 21:11, 12","Dumah : si vous voulez questionner, revenez",région d'Édom ; Abdias,Accomplie,16_REGISTRE_PROPHETIES.md,FICHE REPÉRÉE — qualité non entièrement réauditée,FICHES8_ISAIE_6.html,Ancre/carte FICHES8 reliée au champ Registre,,
P137,Isaïe 21:13-17,La gloire de Kédar s'achèvera en une année,invasions assyriennes,Accomplie,16_REGISTRE_PROPHETIES.md,FICHE REPÉRÉE — qualité non entièrement réauditée,FICHES8_ISAIE_6.html,Ancre/carte FICHES8 reliée au champ Registre,,
P138,Isaïe 22:1-25,La ville de la vision assiégée ; Shebna arraché de sa position,2 Rois 18-19 ; Isaïe 22:15-19,Accomplie,16_REGISTRE_PROPHETIES.md,FICHE REPÉRÉE — qualité non entièrement réauditée,FICHES8_ISAIE_6.html,Ancre/carte FICHES8 reliée au champ Registre,,
P139,Isaïe 23:1-18,"Tyr oubliée soixante-dix ans, puis son commerce reprend",Ézéchiel 26-28 ; Alexandre (332 av. n. è.),Accomplie,16_REGISTRE_PROPHETIES.md,FICHE REPÉRÉE — qualité non entièrement réauditée,FICHES8_ISAIE_7.html,Ancre/carte FICHES8 reliée au champ Registre,,
P140,Isaïe 24:1-23,Jugement mondial ; les astres confondus,Révélation 6:12-17 ; 11:18,À venir,16_REGISTRE_PROPHETIES.md,FICHE REPÉRÉE — qualité non entièrement réauditée,FICHES8_ISAIE_7.html,Ancre/carte FICHES8 reliée au champ Registre,,
P141,Isaïe 25:1-12,La mort engloutie pour toujours ; le repas sur la montagne,"1 Corinthiens 15:54, 55 ; Révélation 21:4",À venir,16_REGISTRE_PROPHETIES.md,FICHE REPÉRÉE — qualité non entièrement réauditée,FICHES8_ISAIE_7.html,Ancre/carte FICHES8 reliée au champ Registre,,
P142,Isaïe 26:1-19,Tes morts vivront ; la terre fera tomber les morts,"Daniel 12:2 ; Jean 5:28, 29",À venir,16_REGISTRE_PROPHETIES.md,FICHE REPÉRÉE — qualité non entièrement réauditée,FICHES8_ISAIE_7.html,Ancre/carte FICHES8 reliée au champ Registre,,
P143,Isaïe 27:1-13,Léviathan frappé ; grande trompette ; retour des dispersés,Révélation 20:2 ; Matthieu 24:31,À venir,16_REGISTRE_PROPHETIES.md,FICHE REPÉRÉE — qualité non entièrement réauditée,FICHES8_ISAIE_7.html,Ancre/carte FICHES8 reliée au champ Registre,,
P144,Isaïe 28:1-4,La couronne d'orgueil d'Éphraïm foulée aux pieds,"2 Rois 17:5, 6",Accomplie,16_REGISTRE_PROPHETIES.md,FICHE REPÉRÉE — qualité non entièrement réauditée,FICHES8_ISAIE_7.html,Ancre/carte FICHES8 reliée au champ Registre,,
P145,Isaïe 28:14-22,"La pierre d'angle éprouvée, posée comme fondement",Psaume 118:22 ; Éphésiens 2:20 ; 1 Pierre 2:6,Accomplie,16_REGISTRE_PROPHETIES.md,FICHE REPÉRÉE — qualité non entièrement réauditée,FICHES8_ISAIE_8.html,Ancre/carte FICHES8 reliée au champ Registre,,
P146,Isaïe 29:1-8,"Ariel (Jérusalem) assiégée, puis ses ennemis dispersés comme un rêve",2 Rois 19:35,Accomplie,16_REGISTRE_PROPHETIES.md,FICHE REPÉRÉE — qualité non entièrement réauditée,FICHES8_ISAIE_8.html,Ancre/carte FICHES8 reliée au champ Registre,,
P147,Isaïe 29:9-14,La sagesse des sages périra ; le culte de commandement humain,Matthieu 15:7-9 ; 1 Corinthiens 1:19,Accomplie,16_REGISTRE_PROPHETIES.md,FICHE REPÉRÉE — qualité non entièrement réauditée,FICHES8_ISAIE_8.html,Ancre/carte FICHES8 reliée au champ Registre,,
P148,Isaïe 30:27-33,L'Assyrie écrasée ; un bûcher préparé,2 Rois 19:35-37,Accomplie,16_REGISTRE_PROPHETIES.md,FICHE REPÉRÉE — qualité non entièrement réauditée,FICHES8_ISAIE_8.html,Ancre/carte FICHES8 reliée au champ Registre,,
P149,Isaïe 31:4-9,L'Assyrie tombera par une épée qui n'est pas celle d'un homme,2 Rois 19:35-37,Accomplie,16_REGISTRE_PROPHETIES.md,FICHE REPÉRÉE — qualité non entièrement réauditée,FICHES8_ISAIE_8.html,Ancre/carte FICHES8 reliée au champ Registre,,
P150,Isaïe 33:17-24,Le roi dans sa beauté ; aucun habitant ne dira : « je suis malade »,Psaume 72 ; Révélation 21:4,À venir,16_REGISTRE_PROPHETIES.md,FICHE REPÉRÉE — qualité non entièrement réauditée,FICHES8_ISAIE_8.html,Ancre/carte FICHES8 reliée au champ Registre,,
P151,Isaïe 34:1-17,Édom : désolation pour toujours ; les animaux du désert l'habitent,"Abdias 10-18 ; Malachie 1:3, 4",Accomplie,16_REGISTRE_PROPHETIES.md,FICHE REPÉRÉE — qualité non entièrement réauditée,FICHES8_ISAIE_9.html,Ancre/carte FICHES8 reliée au champ Registre,,
P152,Isaïe 35:1-10,"Les yeux des aveugles s'ouvriront, les oreilles des sourds s'ouvriront",Matthieu 11:4-5 ; Jean 9:1-7,Accomplie (1er accomplissement) / À venir,16_REGISTRE_PROPHETIES.md,FICHE REPÉRÉE — qualité non entièrement réauditée,FICHES8_ISAIE_9.html,Ancre/carte FICHES8 reliée au champ Registre,,
P153,"Isaïe 37:6, 7, 33-35",Sennachérib rentrera et mourra par l'épée ; la ville ne sera pas prise,2 Rois 19:35-37,Accomplie,16_REGISTRE_PROPHETIES.md,FICHE REPÉRÉE — qualité non entièrement réauditée,FICHES8_ISAIE_9.html,Ancre/carte FICHES8 reliée au champ Registre,,
P154,Isaïe 38:1-8,Quinze années ajoutées ; signe de l'ombre reculée,2 Rois 20:5-11,Accomplie,16_REGISTRE_PROPHETIES.md,FICHE REPÉRÉE — qualité non entièrement réauditée,FICHES8_ISAIE_9.html,Ancre/carte FICHES8 reliée au champ Registre,,
P155,Isaïe 39:5-7,Tout sera emporté à Babylone ; tes fils y seront serviteurs,2 Rois 24:13 ; 25:13-17 ; Daniel 1:1-7,Accomplie,16_REGISTRE_PROPHETIES.md,FICHE REPÉRÉE — qualité non entièrement réauditée,FICHES8_ISAIE_9.html,Ancre/carte FICHES8 reliée au champ Registre,,
P156,Isaïe 40:1-11,Une voix crie dans le désert : préparez le chemin,Matthieu 3:1-3 ; Marc 1:2-4 ; Jean 1:23,Accomplie,16_REGISTRE_PROPHETIES.md,FICHE REPÉRÉE — qualité non entièrement réauditée,FICHES8_ISAIE_9.html,Ancre/carte FICHES8 reliée au champ Registre,,
P157,"Isaïe 41:2-4, 25","Celui du levant, appelé par son nom, foulera les gouverneurs","Esdras 1:1-4 ; Daniel 5:30, 31",Accomplie,16_REGISTRE_PROPHETIES.md,FICHE REPÉRÉE — qualité non entièrement réauditée,FICHES8_ISAIE_10.html,Ancre/carte FICHES8 reliée au champ Registre,,
P158,Isaïe 42:1-9,Mon serviteur : une lumière pour les nations,Matthieu 12:15-21 ; Luc 2:32 ; Actes 13:47,Accomplie,16_REGISTRE_PROPHETIES.md,FICHE REPÉRÉE — qualité non entièrement réauditée,FICHES8_ISAIE_10.html,Ancre/carte FICHES8 reliée au champ Registre,,
P159,Isaïe 43:5-7,Rassemblement des fils de toutes les directions,Esdras 1 ; Isaïe 49:22,Accomplie / À venir,16_REGISTRE_PROPHETIES.md,FICHE REPÉRÉE — qualité non entièrement réauditée,FICHES8_ISAIE_10.html,Ancre/carte FICHES8 reliée au champ Registre,,
P160,Isaïe 44:24-28,"Jérusalem sera rebâtie ; Cyrus, mon berger, exécutera mon dessein",Esdras 1:1-4 ; 6:3-15,Accomplie,16_REGISTRE_PROPHETIES.md,FICHE REPÉRÉE — qualité non entièrement réauditée,FICHES8_ISAIE_10.html,Ancre/carte FICHES8 reliée au champ Registre,,
P161,Isaïe 45:1-7,"Cyrus oint : portes ouvertes, trésors cachés, sans combat","Daniel 5:30, 31 ; Chronique de Nabonide (539 av. n. è.)",Accomplie,16_REGISTRE_PROPHETIES.md,FICHE REPÉRÉE — qualité non entièrement réauditée,FICHES8_ISAIE_10.html,Ancre/carte FICHES8 reliée au champ Registre,,
P162,"Isaïe 46:1, 2","Bel plie, Nebo s'affaisse : les idoles portées en exil","Daniel 5:1-4, 30",Accomplie,16_REGISTRE_PROPHETIES.md,FICHE REPÉRÉE — qualité non entièrement réauditée,FICHES8_ISAIE_10.html,Ancre/carte FICHES8 reliée au champ Registre,,
P163,Isaïe 46:8-11,J'annonce dès le commencement la fin ; un oiseau de proie du levant,Esdras 1:1-4,Accomplie,16_REGISTRE_PROPHETIES.md,FICHE REPÉRÉE — qualité non entièrement réauditée,FICHES8_ISAIE_11.html,Ancre/carte FICHES8 reliée au champ Registre,,
P164,Isaïe 47:1-15,Babylone : veuvage en un jour ; les astrologues incapables de sauver,"Daniel 5:30, 31",Accomplie,16_REGISTRE_PROPHETIES.md,FICHE REPÉRÉE — qualité non entièrement réauditée,FICHES8_ISAIE_11.html,Ancre/carte FICHES8 reliée au champ Registre,,
P165,"Isaïe 48:14, 15",L'aimé de Jéhovah exécutera son dessein contre Babylone,"Daniel 5:30, 31",Accomplie,16_REGISTRE_PROPHETIES.md,FICHE REPÉRÉE — qualité non entièrement réauditée,FICHES8_ISAIE_11.html,Ancre/carte FICHES8 reliée au champ Registre,,
P166,Isaïe 49:1-7,Serviteur donné comme lumière des nations,"Luc 2:32 ; Actes 13:46, 47",Accomplie,16_REGISTRE_PROPHETIES.md,FICHE REPÉRÉE — qualité non entièrement réauditée,FICHES8_ISAIE_11.html,Ancre/carte FICHES8 reliée au champ Registre,,
P167,"Isaïe 49:22, 23",Les rois seront des pères nourriciers pour Sion,Esdras 6:6-12 ; 7:11-26,Accomplie,16_REGISTRE_PROPHETIES.md,FICHE REPÉRÉE — qualité non entièrement réauditée,FICHES8_ISAIE_11.html,Ancre/carte FICHES8 reliée au champ Registre,,
P168,Isaïe 50:4-9,J'ai livré mon dos à ceux qui frappent ; je n'ai pas caché mon visage,"Matthieu 26:67 ; 27:26, 30",Accomplie,16_REGISTRE_PROPHETIES.md,FICHE REPÉRÉE — qualité non entièrement réauditée,FICHES8_ISAIE_11.html,Ancre/carte FICHES8 reliée au champ Registre,,
P169,Isaïe 52:7-10,Bonté : les pieds de celui qui annonce la paix,"Romains 10:14, 15",Accomplie,16_REGISTRE_PROPHETIES.md,FICHE REPÉRÉE — qualité non entièrement réauditée,FICHES8_ISAIE_12.html,Ancre/carte FICHES8 reliée au champ Registre,,
P170,Isaïe 52:13-15,Mon serviteur agira avec perspicacité ; il sera élevé,"Actes 8:32, 33 ; Philippiens 2:9",Accomplie,16_REGISTRE_PROPHETIES.md,FICHE REPÉRÉE — qualité non entièrement réauditée,FICHES8_ISAIE_12.html,Ancre/carte FICHES8 reliée au champ Registre,,
P171,Isaïe 53:1-12,"Méprisé, transpercé, muet, enseveli avec le riche, intercesseur","Matthieu 8:16, 17 ; Jean 12:38 ; 19:33, 36 ; Actes 8:32-35 ; 1 Pierre 2:21-25",Accomplie,16_REGISTRE_PROPHETIES.md,FICHE REPÉRÉE — qualité non entièrement réauditée,FICHES8_ISAIE_12.html,Ancre/carte FICHES8 reliée au champ Registre,,
P172,Isaïe 54:1-17,La stérile enfantera ; aucune arme ne prospérera,Galates 4:26-31,Accomplie / En cours,16_REGISTRE_PROPHETIES.md,FICHE REPÉRÉE — qualité non entièrement réauditée,FICHES8_ISAIE_12.html,Ancre/carte FICHES8 reliée au champ Registre,,
P173,Isaïe 55:3-5,L'alliance sûre de David ; tu appelleras des nations,Actes 13:34,Accomplie,16_REGISTRE_PROPHETIES.md,FICHE REPÉRÉE — qualité non entièrement réauditée,FICHES8_ISAIE_12.html,Ancre/carte FICHES8 reliée au champ Registre,,
P174,Isaïe 56:4-8,Ma maison sera appelée maison de prière pour tous les peuples,Matthieu 21:13 ; Marc 11:17,Accomplie,16_REGISTRE_PROPHETIES.md,FICHE REPÉRÉE — qualité non entièrement réauditée,FICHES8_ISAIE_12.html,Ancre/carte FICHES8 reliée au champ Registre,,
P175,Isaïe 59:20,Le Rédempteur viendra à Sion,"Romains 11:26, 27",Accomplie,16_REGISTRE_PROPHETIES.md,FICHE REPÉRÉE — qualité non entièrement réauditée,FICHES8_ISAIE_13.html,Ancre/carte FICHES8 reliée au champ Registre,,
P176,Isaïe 60:1-22,La gloire de Sion ; les nations apporteront leurs richesses,Révélation 21:24-26,À venir,16_REGISTRE_PROPHETIES.md,FICHE REPÉRÉE — qualité non entièrement réauditée,FICHES8_ISAIE_13.html,Ancre/carte FICHES8 reliée au champ Registre,,
P177,Isaïe 61:1-3,L'esprit de Jéhovah m'a oint pour annoncer la bonne nouvelle,Luc 4:16-21,Accomplie,16_REGISTRE_PROPHETIES.md,FICHE REPÉRÉE — qualité non entièrement réauditée,FICHES8_ISAIE_13.html,Ancre/carte FICHES8 reliée au champ Registre,,
P178,Isaïe 63:1-6,"Le fouleur du pressoir, les vêtements tachés",Révélation 19:13-16,À venir,16_REGISTRE_PROPHETIES.md,FICHE REPÉRÉE — qualité non entièrement réauditée,FICHES8_ISAIE_13.html,Ancre/carte FICHES8 reliée au champ Registre,,
P179,Isaïe 65:17-25,Nouveaux cieux et nouvelle terre ; le loup et l'agneau ensemble,2 Pierre 3:13 ; Révélation 21:1-4,À venir,16_REGISTRE_PROPHETIES.md,FICHE REPÉRÉE — qualité non entièrement réauditée,FICHES8_ISAIE_13.html,Ancre/carte FICHES8 reliée au champ Registre,,
P180,Isaïe 66:15-24,Jugement par le feu ; toutes les nations viendront se prosterner,Marc 9:48 ; Révélation 15:4,À venir,16_REGISTRE_PROPHETIES.md,FICHE REPÉRÉE — qualité non entièrement réauditée,FICHES8_ISAIE_13.html,Ancre/carte FICHES8 reliée au champ Registre,,
P181,Jérémie 1:13-16,Un malheur viendra du nord ; les villes de Juda livrées au roi de Babylone,Jérémie 39:1-9 ; 2 Rois 25:1-11,Accomplie,17_REGISTRE_PROPHETIES_2.md,FICHE REPÉRÉE — qualité non entièrement réauditée,FICHES8_JEREMIE_1.html,Ancre/carte FICHES8 reliée au champ Registre,,
P182,Jérémie 1:17-19,"Ils combattront contre toi, mais ne l'emporteront pas","Jérémie 20:1, 2 ; 26:8 ; 38:1-6",Accomplie,17_REGISTRE_PROPHETIES_2.md,FICHE REPÉRÉE — qualité non entièrement réauditée,FICHES8_JEREMIE_1.html,Ancre/carte FICHES8 reliée au champ Registre,,
P183,Jérémie 2:14-19,Israël devenu serviteur ; le mal de l'abandon,2 Rois 17:6 ; 25:8-11,Accomplie,17_REGISTRE_PROPHETIES_2.md,FICHE REPÉRÉE — qualité non entièrement réauditée,FICHES8_JEREMIE_1.html,Ancre/carte FICHES8 reliée au champ Registre,,
P184,Jérémie 3:14-18,Rassemblement des dispersés ; l'arche ne sera plus rappelée,Esdras 1:1-4 ; Jérémie 3:16 (second temple sans arche),Accomplie,17_REGISTRE_PROPHETIES_2.md,FICHE REPÉRÉE — qualité non entièrement réauditée,FICHES8_JEREMIE_1.html,Ancre/carte FICHES8 reliée au champ Registre,,
P185,Jérémie 4:5-8,Le lion monte ; la désolation vient du nord,Jérémie 39:1-8 ; 52:12-14,Accomplie,17_REGISTRE_PROPHETIES_2.md,FICHE REPÉRÉE — qualité non entièrement réauditée,FICHES8_JEREMIE_1.html,Ancre/carte FICHES8 reliée au champ Registre,,
P186,Jérémie 5:14-17,Une nation lointaine mangera les récoltes et les villes fortifiées,2 Rois 18:13 ; 24:10-16,Accomplie,17_REGISTRE_PROPHETIES_2.md,FICHE REPÉRÉE — qualité non entièrement réauditée,FICHES8_JEREMIE_1.html,Ancre/carte FICHES8 reliée au champ Registre,,
P187,Jérémie 6:1-5,Signal de feu ; les bergers viennent avec leurs troupeaux,"Jérémie 34:7 ; ostraca de Lakish, ostracon 4",Accomplie,17_REGISTRE_PROPHETIES_2.md,FICHE REPÉRÉE — qualité non entièrement réauditée,FICHES8_JEREMIE_2.html,Ancre/carte FICHES8 reliée au champ Registre,,
P188,Jérémie 6:22-26,Un peuple du nord ; l'angoisse ; le siège,2 Rois 25:1-4,Accomplie,17_REGISTRE_PROPHETIES_2.md,FICHE REPÉRÉE — qualité non entièrement réauditée,FICHES8_JEREMIE_2.html,Ancre/carte FICHES8 reliée au champ Registre,,
P189,Jérémie 7:1-15,Le temple ne sauvera pas ; ce lieu deviendra une ruine comme Silo,Jérémie 26:6-9 ; 2 Chroniques 36:17-20,Accomplie,17_REGISTRE_PROPHETIES_2.md,FICHE REPÉRÉE — qualité non entièrement réauditée,FICHES8_JEREMIE_2.html,Ancre/carte FICHES8 reliée au champ Registre,,
P190,Jérémie 7:30-34,Topheth et Hinnom : les voix de joie cesseront,Jérémie 25:11 ; 2 Chroniques 36:21,Accomplie,17_REGISTRE_PROPHETIES_2.md,FICHE REPÉRÉE — qualité non entièrement réauditée,FICHES8_JEREMIE_2.html,Ancre/carte FICHES8 reliée au champ Registre,,
P191,Jérémie 8:1-3,Les ossements seront exhumés ; la mort préférée à la vie,"Jérémie 39:6 ; 52:10, 24-27",Accomplie,17_REGISTRE_PROPHETIES_2.md,FICHE REPÉRÉE — qualité non entièrement réauditée,FICHES8_JEREMIE_2.html,Ancre/carte FICHES8 reliée au champ Registre,,
P192,Jérémie 9:11,"Jérusalem deviendra un tas de ruines, un repaire de chacals","Néhémie 2:3, 13-17 ; Lamentations 5:18",Accomplie,17_REGISTRE_PROPHETIES_2.md,FICHE REPÉRÉE — qualité non entièrement réauditée,FICHES8_JEREMIE_2.html,Ancre/carte FICHES8 reliée au champ Registre,,
P193,"Jérémie 9:15, 16",Absinthe et eau empoisonnée ; dispersion parmi les nations,Lévitique 26:33 ; Ézéchiel 36:19,Accomplie,17_REGISTRE_PROPHETIES_2.md,FICHE REPÉRÉE — qualité non entièrement réauditée,FICHES8_JEREMIE_3.html,Ancre/carte FICHES8 reliée au champ Registre,,
P194,"Jérémie 9:25, 26",Jugement sur Juda et sur tous ses voisins,Jérémie 25:15-26 ; 46-51,Accomplie,17_REGISTRE_PROPHETIES_2.md,FICHE REPÉRÉE — qualité non entièrement réauditée,FICHES8_JEREMIE_3.html,Ancre/carte FICHES8 reliée au champ Registre,,
P195,Jérémie 10:11,Les dieux qui n'ont pas fait les cieux périront,"Jérémie 51:17, 18 ; Daniel 5:23, 30",Accomplie,17_REGISTRE_PROPHETIES_2.md,FICHE REPÉRÉE — qualité non entièrement réauditée,FICHES8_JEREMIE_3.html,Ancre/carte FICHES8 reliée au champ Registre,,
P196,Jérémie 11:21-23,Anathoth : aucun reste ne subsistera,Jérémie 41:1-3 ; retour de 537 sans prééminence d'Anathoth,Accomplie,17_REGISTRE_PROPHETIES_2.md,FICHE REPÉRÉE — qualité non entièrement réauditée,FICHES8_JEREMIE_3.html,Ancre/carte FICHES8 reliée au champ Registre,,
P197,Jérémie 12:14-17,"Les mauvais voisins arrachés, puis rétablis s'ils apprennent",Esdras 1-2 ; Jérémie 48-49,Accomplie / À venir,17_REGISTRE_PROPHETIES_2.md,FICHE REPÉRÉE — qualité non entièrement réauditée,FICHES8_JEREMIE_3.html,Ancre/carte FICHES8 reliée au champ Registre,,
P198,Jérémie 13:9-14,L'orgueil de Juda abaissé ; les cruches brisées l'une contre l'autre,2 Rois 24:12-16 ; 25:1-11,Accomplie,17_REGISTRE_PROPHETIES_2.md,FICHE REPÉRÉE — qualité non entièrement réauditée,FICHES8_JEREMIE_3.html,Ancre/carte FICHES8 reliée au champ Registre,,
P199,"Jérémie 13:18, 19",Le roi et la reine mère abaissés ; Juda exilé ; le Négev fermé,2 Rois 24:8-16,Accomplie,17_REGISTRE_PROPHETIES_2.md,FICHE REPÉRÉE — qualité non entièrement réauditée,FICHES8_JEREMIE_4.html,Ancre/carte FICHES8 reliée au champ Registre,,
P200,Jérémie 13:24-27,Dispersés comme la paille livrée au vent du désert,"Jérémie 25:32, 33 ; Ézéchiel 5:10",Accomplie,17_REGISTRE_PROPHETIES_2.md,FICHE REPÉRÉE — qualité non entièrement réauditée,FICHES8_JEREMIE_4.html,Ancre/carte FICHES8 reliée au champ Registre,,
P201,Jérémie 14:10-16,Épée et famine sur les faux prophètes qui prophétisent en mon nom,"Jérémie 14:15, 16 ; 28:16, 17",Accomplie,17_REGISTRE_PROPHETIES_2.md,FICHE REPÉRÉE — qualité non entièrement réauditée,FICHES8_JEREMIE_4.html,Ancre/carte FICHES8 reliée au champ Registre,,
P202,Jérémie 15:1-9,Même Moïse et Samuel n'intercéderaient pas ; le pays inconnu,2 Rois 25:21 ; Jérémie 16:13,Accomplie,17_REGISTRE_PROPHETIES_2.md,FICHE REPÉRÉE — qualité non entièrement réauditée,FICHES8_JEREMIE_4.html,Ancre/carte FICHES8 reliée au champ Registre,,
P203,Jérémie 15:11-14,L'ennemi fera passer au pays que tu ne connais pas ; le feu s'allumera,2 Rois 24:13-16 ; Jérémie 17:4,Accomplie,17_REGISTRE_PROPHETIES_2.md,FICHE REPÉRÉE — qualité non entièrement réauditée,FICHES8_JEREMIE_4.html,Ancre/carte FICHES8 reliée au champ Registre,,
P204,Jérémie 16:1-9,"Signes du prophète : morts par maladie, par l'épée, par la famine","Jérémie 14:12 ; 2 Rois 25:3, 4",Accomplie,17_REGISTRE_PROPHETIES_2.md,FICHE REPÉRÉE — qualité non entièrement réauditée,FICHES8_JEREMIE_4.html,Ancre/carte FICHES8 reliée au champ Registre,,
P205,Jérémie 16:10-18,"Double punition, puis pêcheurs et chasseurs ramènent les dispersés","Jérémie 25:11 ; 30:3 ; 50:19, 20",Accomplie,17_REGISTRE_PROPHETIES_2.md,FICHE REPÉRÉE — qualité non entièrement réauditée,FICHES8_JEREMIE_5.html,Ancre/carte FICHES8 reliée au champ Registre,,
P206,"Jérémie 17:3, 4",Tes biens livrés au pillage ; le feu allumé pour toujours,"2 Rois 24:13 ; 2 Chroniques 36:20, 21",Accomplie,17_REGISTRE_PROPHETIES_2.md,FICHE REPÉRÉE — qualité non entièrement réauditée,FICHES8_JEREMIE_5.html,Ancre/carte FICHES8 reliée au champ Registre,,
P207,Jérémie 17:19-27,"Si vous profanez le sabbat, un feu dévorera les portes de Jérusalem",2 Chroniques 36:19 ; Jérémie 39:8 ; 52:13,Accomplie,17_REGISTRE_PROPHETIES_2.md,FICHE REPÉRÉE — qualité non entièrement réauditée,FICHES8_JEREMIE_5.html,Ancre/carte FICHES8 reliée au champ Registre,,
P208,Jérémie 18:1-12,Le potier et l'argile : malheur préparé contre Juda,Jérémie 18:11-17 ; 19:1-13,Accomplie,17_REGISTRE_PROPHETIES_2.md,FICHE REPÉRÉE — qualité non entièrement réauditée,FICHES8_JEREMIE_5.html,Ancre/carte FICHES8 reliée au champ Registre,,
P209,Jérémie 19:1-13,La cruche brisée ; la ville deviendra comme Topheth,"Jérémie 19:14, 15 ; 2 Rois 25:8-10",Accomplie,17_REGISTRE_PROPHETIES_2.md,FICHE REPÉRÉE — qualité non entièrement réauditée,FICHES8_JEREMIE_5.html,Ancre/carte FICHES8 reliée au champ Registre,,
P210,Jérémie 20:1-6,Pashhour sera emmené à Babylone et y mourra ; ses amis tomberont par l'épée,Jérémie 39:6 ; accomplissement en exil,Accomplie,17_REGISTRE_PROPHETIES_2.md,FICHE REPÉRÉE — qualité non entièrement réauditée,FICHES8_JEREMIE_5.html,Ancre/carte FICHES8 reliée au champ Registre,,
P211,Jérémie 21:1-10,La ville livrée au roi de Babylone ; celui qui sortira aura la vie sauve pour butin,Jérémie 38:2 ; 39:9 ; 52:4-27,Accomplie,17_REGISTRE_PROPHETIES_2.md,FICHE REPÉRÉE — qualité non entièrement réauditée,FICHES8_JEREMIE_6.html,Ancre/carte FICHES8 reliée au champ Registre,,
P212,Jérémie 21:11-14,Le feu dévorera la forêt de la maison du roi,2 Rois 25:9,Accomplie,17_REGISTRE_PROPHETIES_2.md,FICHE REPÉRÉE — qualité non entièrement réauditée,FICHES8_JEREMIE_6.html,Ancre/carte FICHES8 reliée au champ Registre,,
P213,Jérémie 22:1-9,"Si la parole n'est pas écoutée, cette maison deviendra une ruine",2 Rois 25:9 ; Jérémie 39:8,Accomplie,17_REGISTRE_PROPHETIES_2.md,FICHE REPÉRÉE — qualité non entièrement réauditée,FICHES8_JEREMIE_6.html,Ancre/carte FICHES8 reliée au champ Registre,,
P214,Jérémie 22:10-12,Shallum (Yehoahaz) mourra en exil et ne reverra pas son pays,2 Rois 23:31-34,Accomplie,17_REGISTRE_PROPHETIES_2.md,FICHE REPÉRÉE — qualité non entièrement réauditée,FICHES8_JEREMIE_6.html,Ancre/carte FICHES8 reliée au champ Registre,,
P215,Jérémie 22:13-19,"Yehoïaqim aura la sépulture d'un âne, hors des portes",2 Rois 24:1-6 ; Jérémie 36:30,Accomplie,17_REGISTRE_PROPHETIES_2.md,FICHE REPÉRÉE — qualité non entièrement réauditée,FICHES8_JEREMIE_6.html,Ancre/carte FICHES8 reliée au champ Registre,,
P216,Jérémie 22:20-23,Tes bergers seront emportés ; la douleur viendra,2 Rois 24:12-16 ; 25:4-7,Accomplie,17_REGISTRE_PROPHETIES_2.md,FICHE REPÉRÉE — qualité non entièrement réauditée,FICHES8_JEREMIE_6.html,Ancre/carte FICHES8 reliée au champ Registre,,
P217,Jérémie 22:24-30,Konia (Yehoïakîn) : aucun de ses descendants ne siégera sur le trône de David,2 Rois 25:27-30 ; Jérémie 22:30,Accomplie,17_REGISTRE_PROPHETIES_2.md,FICHE REPÉRÉE — qualité non entièrement réauditée,FICHES8_JEREMIE_7.html,Ancre/carte FICHES8 reliée au champ Registre,,
P218,Jérémie 23:1-8,Rassemblement du reste des bergers dispersés ; germe juste,"Jérémie 23:3, 8 ; Esdras 2:1 ; Jérémie 33:15, 16",Accomplie / À venir,17_REGISTRE_PROPHETIES_2.md,FICHE REPÉRÉE — qualité non entièrement réauditée,FICHES8_JEREMIE_7.html,Ancre/carte FICHES8 reliée au champ Registre,,
P219,Jérémie 23:9-40,Les faux prophètes nourris d'absinthe ; personne ne s'y trompera,"Jérémie 28:16, 17 ; 29:21, 22",Accomplie,17_REGISTRE_PROPHETIES_2.md,FICHE REPÉRÉE — qualité non entièrement réauditée,FICHES8_JEREMIE_7.html,Ancre/carte FICHES8 reliée au champ Registre,,
P220,Jérémie 24:1-10,Les bons figuiers : les exilés de 617 ; les mauvais : Tsidqiya et ses partisans,Jérémie 24:4-10 ; 2 Rois 25:1-7,Accomplie,17_REGISTRE_PROPHETIES_2.md,FICHE REPÉRÉE — qualité non entièrement réauditée,FICHES8_JEREMIE_7.html,Ancre/carte FICHES8 reliée au champ Registre,,
P221,Jérémie 25:1-11,Soixante-dix ans de servitude du roi de Babylone,Jérémie 25:11 ; 2 Chroniques 36:20-22 ; Daniel 9:2,Accomplie (607 à 537 av. n. è.),17_REGISTRE_PROPHETIES_2.md,FICHE REPÉRÉE — qualité non entièrement réauditée,FICHES8_JEREMIE_7.html,Ancre/carte FICHES8 reliée au champ Registre,,
P222,Jérémie 25:12-14,"Après soixante-dix ans, le roi de Babylone sera puni","Daniel 5:30, 31 ; prise de Babylone en 539 av. n. è.",Accomplie,17_REGISTRE_PROPHETIES_2.md,FICHE REPÉRÉE — qualité non entièrement réauditée,FICHES8_JEREMIE_7.html,Ancre/carte FICHES8 reliée au champ Registre,,
P223,Jérémie 25:15-26,"La coupe de fureur bus par toutes les nations nommées, dont Élam et le pays des Mèdes",Jérémie 46-51 ; jugements historiques successifs,Accomplie,17_REGISTRE_PROPHETIES_2.md,FICHE REPÉRÉE — qualité non entièrement réauditée,FICHES8_JEREMIE_8.html,Ancre/carte FICHES8 reliée au champ Registre,,
P224,Jérémie 25:27-38,Les bergers hurleront ; les pâturages paisibles ravagés,"Jérémie 49:19-22, 28-33",Accomplie,17_REGISTRE_PROPHETIES_2.md,FICHE REPÉRÉE — qualité non entièrement réauditée,FICHES8_JEREMIE_8.html,Ancre/carte FICHES8 reliée au champ Registre,,
P225,Jérémie 26:1-6,Cette maison deviendra une ruine ; la ville un objet de malédiction,Jérémie 52:12-14 ; 2 Rois 25:8-10,Accomplie,17_REGISTRE_PROPHETIES_2.md,FICHE REPÉRÉE — qualité non entièrement réauditée,FICHES8_JEREMIE_8.html,Ancre/carte FICHES8 reliée au champ Registre,,
P226,Jérémie 26:20-23,Ouriya prophétise et est mis à mort,"Jérémie 26:23, 24",Accomplie,17_REGISTRE_PROPHETIES_2.md,FICHE REPÉRÉE — qualité non entièrement réauditée,FICHES8_JEREMIE_8.html,Ancre/carte FICHES8 reliée au champ Registre,,
P227,Jérémie 27:1-11,"Les nations serviront Neboukadnetsar ; sinon épée, famine, peste",Jérémie 27:12-22 ; 2 Rois 24:1 ; 25:1-11,Accomplie,17_REGISTRE_PROPHETIES_2.md,FICHE REPÉRÉE — qualité non entièrement réauditée,FICHES8_JEREMIE_8.html,Ancre/carte FICHES8 reliée au champ Registre,,
P228,Jérémie 27:16-22,Les ustensiles de la maison seront transportés à Babylone puis rapportés,2 Rois 24:13 ; Esdras 1:7-11,Accomplie,17_REGISTRE_PROPHETIES_2.md,FICHE REPÉRÉE — qualité non entièrement réauditée,FICHES8_JEREMIE_8.html,Ancre/carte FICHES8 reliée au champ Registre,,
P229,Jérémie 28:1-17,"Hanania mourra cette année même, parce qu'il a parlé de fausseté","Jérémie 28:16, 17 (mort le septième mois)",Accomplie,17_REGISTRE_PROPHETIES_2.md,FICHE REPÉRÉE — qualité non entièrement réauditée,FICHES8_JEREMIE_9.html,Ancre/carte FICHES8 reliée au champ Registre,,
P230,Jérémie 29:1-14,"Soixante-dix ans accomplis, puis je vous ramènerai",Esdras 1:1-4 ; retour en 537 av. n. è.,Accomplie,17_REGISTRE_PROPHETIES_2.md,FICHE REPÉRÉE — qualité non entièrement réauditée,FICHES8_JEREMIE_9.html,Ancre/carte FICHES8 reliée au champ Registre,,
P231,Jérémie 29:15-19,"Épée, famine et peste sur ceux qui restent dans la ville",2 Rois 25:1-11 ; Jérémie 52:4-11,Accomplie,17_REGISTRE_PROPHETIES_2.md,FICHE REPÉRÉE — qualité non entièrement réauditée,FICHES8_JEREMIE_9.html,Ancre/carte FICHES8 reliée au champ Registre,,
P232,Jérémie 29:20-23,"Ahab et Tsidqiya, faux prophètes, mis à mort par le roi de Babylone",Jérémie 29:22,Accomplie,17_REGISTRE_PROPHETIES_2.md,FICHE REPÉRÉE — qualité non entièrement réauditée,FICHES8_JEREMIE_9.html,Ancre/carte FICHES8 reliée au champ Registre,,
P233,Jérémie 29:24-32,Shemayah : aucun descendant à lui au milieu de ce peuple,Jérémie 29:32,Accomplie,17_REGISTRE_PROPHETIES_2.md,FICHE REPÉRÉE — qualité non entièrement réauditée,FICHES8_JEREMIE_9.html,Ancre/carte FICHES8 reliée au champ Registre,,
P234,Jérémie 30:1-11,"La détresse de Jacob, puis la délivrance ; David leur roi",Jérémie 30:11 ; Esdras 1:1-4,Accomplie / À venir,17_REGISTRE_PROPHETIES_2.md,FICHE REPÉRÉE — qualité non entièrement réauditée,FICHES8_JEREMIE_9.html,Ancre/carte FICHES8 reliée au champ Registre,,
P235,Jérémie 30:12-17,"Plaie inguérissable, puis guérison et santé",Jérémie 30:17 ; retour de 537,Accomplie,17_REGISTRE_PROPHETIES_2.md,FICHE REPÉRÉE — qualité non entièrement réauditée,FICHES8_JEREMIE_10.html,Ancre/carte FICHES8 reliée au champ Registre,,
P236,Jérémie 30:18-22,Les tentes rétablies ; la ville rebâtie sur son tell,Néhémie 3-12,Accomplie,17_REGISTRE_PROPHETIES_2.md,FICHE REPÉRÉE — qualité non entièrement réauditée,FICHES8_JEREMIE_10.html,Ancre/carte FICHES8 reliée au champ Registre,,
P237,Jérémie 31:1-6,Vignes plantées sur les montagnes de Samarie,Esdras 2 ; rétablissement des villes du nord,Accomplie,17_REGISTRE_PROPHETIES_2.md,FICHE REPÉRÉE — qualité non entièrement réauditée,FICHES8_JEREMIE_10.html,Ancre/carte FICHES8 reliée au champ Registre,,
P238,Jérémie 31:7-14,Rassemblement des dispersés du nord ; deuil changé en joie,Esdras 1:1-4 ; Jérémie 31:13,Accomplie,17_REGISTRE_PROPHETIES_2.md,FICHE REPÉRÉE — qualité non entièrement réauditée,FICHES8_JEREMIE_10.html,Ancre/carte FICHES8 reliée au champ Registre,,
P239,Jérémie 31:15-17,Rachel pleure ses fils ; ton travail sera récompensé,"Matthieu 2:17, 18 ; Jérémie 31:16",Accomplie (1er accomplissement),17_REGISTRE_PROPHETIES_2.md,FICHE REPÉRÉE — qualité non entièrement réauditée,FICHES8_JEREMIE_10.html,Ancre/carte FICHES8 reliée au champ Registre,,
P240,Jérémie 31:18-22,Éphraïm gémit et revient ; la fille d'Israël se remet en route,"Jérémie 31:20, 21 ; retour des dispersés",Accomplie / À venir,17_REGISTRE_PROPHETIES_2.md,FICHE REPÉRÉE — qualité non entièrement réauditée,FICHES8_JEREMIE_10.html,Ancre/carte FICHES8 reliée au champ Registre,,
P241,Jérémie 31:23-26,Juda et ses villes de nouveau habités,Esdras 2 ; Néhémie 7,Accomplie,17_REGISTRE_PROPHETIES_2.md,FICHE REPÉRÉE — qualité non entièrement réauditée,FICHES8_JEREMIE_11.html,Ancre/carte FICHES8 reliée au champ Registre,,
P242,Jérémie 31:27-30,Je sèmerai en Israël ; la dent qui a mangé les raisins acides,"Jérémie 31:28 ; Ézéchiel 18:2, 3",Accomplie,17_REGISTRE_PROPHETIES_2.md,FICHE REPÉRÉE — qualité non entièrement réauditée,FICHES8_JEREMIE_11.html,Ancre/carte FICHES8 reliée au champ Registre,,
P243,Jérémie 31:31-34,Nouvelle alliance ; les péchés ne seront plus rappelés,"Luc 22:20 ; Hébreux 8:8-13 ; 10:16, 17",Accomplie,17_REGISTRE_PROPHETIES_2.md,FICHE REPÉRÉE — qualité non entièrement réauditée,FICHES8_JEREMIE_11.html,Ancre/carte FICHES8 reliée au champ Registre,,
P244,Jérémie 31:35-37,Les ordonnances du ciel et de la terre : Israël ne cessera pas d'être une nation,"Préservation historique du peuple ; Jérémie 33:25, 26",Accomplie (continu),17_REGISTRE_PROPHETIES_2.md,FICHE REPÉRÉE — qualité non entièrement réauditée,FICHES8_JEREMIE_11.html,Ancre/carte FICHES8 reliée au champ Registre,,
P245,Jérémie 31:38-40,La ville sera rebâtie jusqu'aux tours ; elle ne sera plus arrachée,Néhémie 3:1 ; 12:31-40,Accomplie,17_REGISTRE_PROPHETIES_2.md,FICHE REPÉRÉE — qualité non entièrement réauditée,FICHES8_JEREMIE_11.html,Ancre/carte FICHES8 reliée au champ Registre,,
P246,Jérémie 32:1-5,"Tsidqiya pris, emmené à Babylone, y demeurera",2 Rois 25:4-7 ; Jérémie 52:7-11,Accomplie,17_REGISTRE_PROPHETIES_2.md,FICHE REPÉRÉE — qualité non entièrement réauditée,FICHES8_JEREMIE_11.html,Ancre/carte FICHES8 reliée au champ Registre,,
P247,Jérémie 32:6-15,Le champ d'Anathoth racheté : preuve que l'on achètera encore,"Jérémie 32:43, 44 ; Néhémie 11:25-30",Accomplie,17_REGISTRE_PROPHETIES_2.md,FICHE REPÉRÉE — qualité non entièrement réauditée,FICHES8_JEREMIE_12.html,Ancre/carte FICHES8 reliée au champ Registre,,
P248,Jérémie 32:28-35,La ville livrée aux Chaldéens et brûlée,2 Rois 25:8-10 ; Jérémie 39:8,Accomplie,17_REGISTRE_PROPHETIES_2.md,FICHE REPÉRÉE — qualité non entièrement réauditée,FICHES8_JEREMIE_12.html,Ancre/carte FICHES8 reliée au champ Registre,,
P249,Jérémie 32:36-44,Rassemblement ; sécurité ; champs achetés de nouveau,Esdras 1 ; Néhémie 11,Accomplie,17_REGISTRE_PROPHETIES_2.md,FICHE REPÉRÉE — qualité non entièrement réauditée,FICHES8_JEREMIE_12.html,Ancre/carte FICHES8 reliée au champ Registre,,
P250,Jérémie 33:1-9,Santé et guérison ; la ville devient un nom de joie,Jérémie 33:6-9 ; Esdras 1-6,Accomplie,17_REGISTRE_PROPHETIES_2.md,FICHE REPÉRÉE — qualité non entièrement réauditée,FICHES8_JEREMIE_12.html,Ancre/carte FICHES8 reliée au champ Registre,,
P251,Jérémie 33:10-13,La contrée désolée entend de nouveau les voix de joie et les troupeaux,Jérémie 33:11-13 ; Néhémie 12:27-43,Accomplie,17_REGISTRE_PROPHETIES_2.md,FICHE REPÉRÉE — qualité non entièrement réauditée,FICHES8_JEREMIE_12.html,Ancre/carte FICHES8 reliée au champ Registre,,
P252,Jérémie 33:14-16,Le germe juste ; la ville appelée « Jéhovah est notre justice »,"Jérémie 23:5, 6 ; Luc 1:32, 33",Accomplie / À venir,17_REGISTRE_PROPHETIES_2.md,FICHE REPÉRÉE — qualité non entièrement réauditée,FICHES8_JEREMIE_12.html,Ancre/carte FICHES8 reliée au champ Registre,,
P253,Jérémie 33:17-22,David ne manquera jamais d'un homme sur son trône ; alliance du jour et de la nuit,"Luc 1:32, 33 ; Hébreux 7:14",Accomplie / À venir,17_REGISTRE_PROPHETIES_2.md,FICHE REPÉRÉE — qualité non entièrement réauditée,FICHES8_JEREMIE_13.html,Ancre/carte FICHES8 reliée au champ Registre,,
P254,Jérémie 33:23-26,Je ramènerai les captifs et j'aurai compassion,Esdras 1:1-4,Accomplie,17_REGISTRE_PROPHETIES_2.md,FICHE REPÉRÉE — qualité non entièrement réauditée,FICHES8_JEREMIE_13.html,Ancre/carte FICHES8 reliée au champ Registre,,
P255,Jérémie 34:1-7,Tsidqiya ne mourra pas par l'épée ; il mourra en paix,"2 Rois 25:4-7 ; Jérémie 52:10, 11",Accomplie,17_REGISTRE_PROPHETIES_2.md,FICHE REPÉRÉE — qualité non entièrement réauditée,FICHES8_JEREMIE_13.html,Ancre/carte FICHES8 reliée au champ Registre,,
P256,Jérémie 34:8-22,"La libération des esclaves reniée : épée, famine, peste ; la ville brûlée",2 Rois 25:1-11 ; Jérémie 34:22,Accomplie,17_REGISTRE_PROPHETIES_2.md,FICHE REPÉRÉE — qualité non entièrement réauditée,FICHES8_JEREMIE_13.html,Ancre/carte FICHES8 reliée au champ Registre,,
P257,Jérémie 35:1-19,Les Rékabites ne manqueront jamais d'un homme devant Jéhovah,Jérémie 35:19 ; survie d'un reste en 607,Accomplie,17_REGISTRE_PROPHETIES_2.md,FICHE REPÉRÉE — qualité non entièrement réauditée,FICHES8_JEREMIE_13.html,Ancre/carte FICHES8 reliée au champ Registre,,
P258,"Jérémie 36:1-3, 27-32",Le rouleau brûlé sera réécrit avec beaucoup d'autres paroles,Jérémie 36:32,Accomplie,17_REGISTRE_PROPHETIES_2.md,FICHE REPÉRÉE — qualité non entièrement réauditée,FICHES8_JEREMIE_13.html,Ancre/carte FICHES8 reliée au champ Registre,,
P259,Jérémie 37:6-10,L'armée égyptienne retournera ; les Chaldéens reviendront et brûleront la ville,Jérémie 37:7-10 ; 2 Rois 25:9,Accomplie,17_REGISTRE_PROPHETIES_2.md,FICHE REPÉRÉE — qualité non entièrement réauditée,FICHES8_JEREMIE_14.html,Ancre/carte FICHES8 reliée au champ Registre,,
P260,Jérémie 37:17-21,Tsidqiya : le pain jusqu'à ce qu'il n'y en ait plus dans la ville,Jérémie 38:9 ; 52:6,Accomplie,17_REGISTRE_PROPHETIES_2.md,FICHE REPÉRÉE — qualité non entièrement réauditée,FICHES8_JEREMIE_14.html,Ancre/carte FICHES8 reliée au champ Registre,,
P261,Jérémie 38:1-4,Celui qui sortira vers les Chaldéens aura la vie sauve,"Jérémie 39:9 ; 52:15, 16",Accomplie,17_REGISTRE_PROPHETIES_2.md,FICHE REPÉRÉE — qualité non entièrement réauditée,FICHES8_JEREMIE_14.html,Ancre/carte FICHES8 reliée au champ Registre,,
P262,Jérémie 38:14-23,La ville sera prise ; les femmes et les fils de Tsidqiya livrés,2 Rois 25:4-7,Accomplie,17_REGISTRE_PROPHETIES_2.md,FICHE REPÉRÉE — qualité non entièrement réauditée,FICHES8_JEREMIE_14.html,Ancre/carte FICHES8 reliée au champ Registre,,
P263,Jérémie 39:15-18,"Ébed-Mélek : ton âme te servira de butin, tu ne tomberas pas par l'épée",Jérémie 39:16-18,Accomplie,17_REGISTRE_PROPHETIES_2.md,FICHE REPÉRÉE — qualité non entièrement réauditée,FICHES8_JEREMIE_14.html,Ancre/carte FICHES8 reliée au champ Registre,,
P264,Jérémie 40:1-6,Jérémie libéré et autorisé à rester auprès de Guédalia,"Jérémie 40:4, 5",Accomplie,17_REGISTRE_PROPHETIES_2.md,FICHE REPÉRÉE — qualité non entièrement réauditée,FICHES8_JEREMIE_14.html,Ancre/carte FICHES8 reliée au champ Registre,,
P265,Jérémie 42:1-22,"Ceux qui restent : épée, famine, peste ; personne ne restera hors d'Égypte","Jérémie 44:11-14, 27, 28",Accomplie,17_REGISTRE_PROPHETIES_2.md,FICHE REPÉRÉE — qualité non entièrement réauditée,FICHES8_JEREMIE_15.html,Ancre/carte FICHES8 reliée au champ Registre,,
P266,Jérémie 43:1-7,Jeanân et ses hommes emmènent Jérémie et Baruch en Égypte,Jérémie 43:5-7,Accomplie,17_REGISTRE_PROPHETIES_2.md,FICHE REPÉRÉE — qualité non entièrement réauditée,FICHES8_JEREMIE_15.html,Ancre/carte FICHES8 reliée au champ Registre,,
P267,Jérémie 43:8-13,Neboukadnetsar posera son trône sur les pierres cachées à Tahpanhès ; il incendiera les temples,Jérémie 43:10-13 ; invasion babylonienne de l'Égypte,Accomplie,17_REGISTRE_PROPHETIES_2.md,FICHE REPÉRÉE — qualité non entièrement réauditée,FICHES8_JEREMIE_15.html,Ancre/carte FICHES8 reliée au champ Registre,,
P268,Jérémie 44:1-14,Le reste de Juda en Égypte périra ; quelques rescapés seulement reviendront,"Jérémie 44:14, 27, 28",Accomplie,17_REGISTRE_PROPHETIES_2.md,FICHE REPÉRÉE — qualité non entièrement réauditée,FICHES8_JEREMIE_15.html,Ancre/carte FICHES8 reliée au champ Registre,,
P269,Jérémie 44:15-28,L'adoration de la reine du ciel ; ceux qui échappent à l'épée retournent en Juda en petit nombre,Jérémie 44:28,Accomplie,17_REGISTRE_PROPHETIES_2.md,FICHE REPÉRÉE — qualité non entièrement réauditée,FICHES8_JEREMIE_15.html,Ancre/carte FICHES8 reliée au champ Registre,,
P270,Jérémie 44:29-30,Signe : Pharaon Hophra livré à ses ennemis comme Tsidqiya,"Dépôt et mort d'Hophra, roi d'Égypte",Accomplie,17_REGISTRE_PROPHETIES_2.md,FICHE REPÉRÉE — qualité non entièrement réauditée,FICHES8_JEREMIE_15.html,Ancre/carte FICHES8 reliée au champ Registre,,
P271,Jérémie 45:1-5,Baruch : ne recherche pas de grandes choses ; ta vie sera butin,Jérémie 45:5,Accomplie,17_REGISTRE_PROPHETIES_2.md,FICHE REPÉRÉE — qualité non entièrement réauditée,FICHES8_JEREMIE_16.html,Ancre/carte FICHES8 reliée au champ Registre,,
P272,Jérémie 46:2,"L'Égypte battue à Karkemish, quatrième année de Yehoïaqim","2 Rois 24:7 ; Chronique babylonienne (défaite égyptienne, 21e année de Nabopolassar)",Accomplie,17_REGISTRE_PROPHETIES_2.md,FICHE REPÉRÉE — qualité non entièrement réauditée,FICHES8_JEREMIE_16.html,Ancre/carte FICHES8 reliée au champ Registre,,
P273,Jérémie 46:13-26,"Neboukadnetsar frappera l'Égypte : Nô (Thèbes) dévastée, les dieux exilés","Jérémie 46:25, 26 ; conquête babylonienne de l'Égypte",Accomplie,17_REGISTRE_PROPHETIES_2.md,FICHE REPÉRÉE — qualité non entièrement réauditée,FICHES8_JEREMIE_16.html,Ancre/carte FICHES8 reliée au champ Registre,,
P274,"Jérémie 46:27, 28",Jacob reviendra et demeurera en sécurité,Esdras 1:1-4,Accomplie,17_REGISTRE_PROPHETIES_2.md,FICHE REPÉRÉE — qualité non entièrement réauditée,FICHES8_JEREMIE_16.html,Ancre/carte FICHES8 reliée au champ Registre,,
P275,Jérémie 47:1-7,"Philistins : Gaza rasée, Ashkelon dévastée, la côte coupée",Prise d'Ashkelon en 604 av. n. è. (date neutre) ; Sophonie 2:4,Accomplie,17_REGISTRE_PROPHETIES_2.md,FICHE REPÉRÉE — qualité non entièrement réauditée,FICHES8_JEREMIE_16.html,Ancre/carte FICHES8 reliée au champ Registre,,
P276,Jérémie 48:1-46,"Moab dévastée, villes prises, Camosh en exil, la nation supprimée",Conquête babylonienne ; Moab cesse d'être une nation,Accomplie,17_REGISTRE_PROPHETIES_2.md,FICHE REPÉRÉE — qualité non entièrement réauditée,FICHES8_JEREMIE_16.html,Ancre/carte FICHES8 reliée au champ Registre,,
P277,Jérémie 48:47,Je ramènerai les captifs de Moab dans la suite des jours,Jérémie 48:47,À venir (selon le texte),17_REGISTRE_PROPHETIES_2.md,FICHE REPÉRÉE — qualité non entièrement réauditée,FICHES8_JEREMIE_17.html,Ancre/carte FICHES8 reliée au champ Registre,,
P278,Jérémie 49:1-5,"Ammon : Rabbah dévastée, devient un tell désolé",Jérémie 49:2 ; suppression de la nation ammonite,Accomplie,17_REGISTRE_PROPHETIES_2.md,FICHE REPÉRÉE — qualité non entièrement réauditée,FICHES8_JEREMIE_17.html,Ancre/carte FICHES8 reliée au champ Registre,,
P279,Jérémie 49:7-22,"Édom : Teman, Botsra ; personne n'y habitera, comme Sodome et Gomorrhe","Jérémie 49:17, 18 ; Édom disparu comme nation",Accomplie,17_REGISTRE_PROPHETIES_2.md,FICHE REPÉRÉE — qualité non entièrement réauditée,FICHES8_JEREMIE_17.html,Ancre/carte FICHES8 reliée au champ Registre,,
P280,Jérémie 49:23-27,"Damas : confusion, la ville fortifiée incendiée","Jérémie 49:26, 27",Accomplie,17_REGISTRE_PROPHETIES_2.md,FICHE REPÉRÉE — qualité non entièrement réauditée,FICHES8_JEREMIE_17.html,Ancre/carte FICHES8 reliée au champ Registre,,
P281,Jérémie 49:28-33,Kédar et les royaumes de Hatsor frappés par Neboukadnetsar ; Hatsor inhabitée,Jérémie 49:28-33,Accomplie,17_REGISTRE_PROPHETIES_2.md,FICHE REPÉRÉE — qualité non entièrement réauditée,FICHES8_JEREMIE_17.html,Ancre/carte FICHES8 reliée au champ Registre,,
P282,Jérémie 49:34-39,"Élam brisé, dispersé, puis rétabli dans la suite des jours",Jérémie 49:39,Accomplie / À venir,17_REGISTRE_PROPHETIES_2.md,FICHE REPÉRÉE — qualité non entièrement réauditée,FICHES8_JEREMIE_17.html,Ancre/carte FICHES8 reliée au champ Registre,,
P283,Jérémie 50:1-3,"Bel honteux, Merodak terrifié, ses dieux emportés ; un peuple du nord","Daniel 5:30, 31 ; prise de Babylone en 539 av. n. è.",Accomplie,17_REGISTRE_PROPHETIES_2.md,FICHE REPÉRÉE — qualité non entièrement réauditée,FICHES8_JEREMIE_18.html,Ancre/carte FICHES8 reliée au champ Registre,,
P284,Jérémie 50:9-16,L'ennemi vient du nord ; le sanctuaire profané vengé,539 av. n. è.,Accomplie,17_REGISTRE_PROPHETIES_2.md,FICHE REPÉRÉE — qualité non entièrement réauditée,FICHES8_JEREMIE_18.html,Ancre/carte FICHES8 reliée au champ Registre,,
P285,Jérémie 50:17-20,"Israël rassemblé, plus de faute ; pardon",Esdras 1:1-4 ; Jérémie 50:20,Accomplie,17_REGISTRE_PROPHETIES_2.md,FICHE REPÉRÉE — qualité non entièrement réauditée,FICHES8_JEREMIE_18.html,Ancre/carte FICHES8 reliée au champ Registre,,
P286,Jérémie 50:33-40,Babylone comme Sodome : plus aucun habitant ; l'épée sur ses eaux,État du site de Babylone (jamais relevée),Accomplie,17_REGISTRE_PROPHETIES_2.md,FICHE REPÉRÉE — qualité non entièrement réauditée,FICHES8_JEREMIE_18.html,Ancre/carte FICHES8 reliée au champ Registre,,
P287,Jérémie 50:41-46,Un peuple du nord ; personne ne tiendra devant lui,539 av. n. è.,Accomplie,17_REGISTRE_PROPHETIES_2.md,FICHE REPÉRÉE — qualité non entièrement réauditée,FICHES8_JEREMIE_18.html,Ancre/carte FICHES8 reliée au champ Registre,,
P288,Jérémie 51:1-14,Babylone la coupe d'or brisée ; la frontière de sa vie,Daniel 5 ; 539 av. n. è.,Accomplie,17_REGISTRE_PROPHETIES_2.md,FICHE REPÉRÉE — qualité non entièrement réauditée,FICHES8_JEREMIE_18.html,Ancre/carte FICHES8 reliée au champ Registre,,
P289,Jérémie 51:24-26,Tu ne seras plus jamais rebâtie ; aucune pierre pour fondement ou angle,État du site ; Jérémie 51:26,Accomplie,17_REGISTRE_PROPHETIES_2.md,FICHE REPÉRÉE — qualité non entièrement réauditée,FICHES8_JEREMIE_19.html,Ancre/carte FICHES8 reliée au champ Registre,,
P290,Jérémie 51:27-33,"Les royaumes d'Ararat, de Minni, d'Ashkenaz rassemblés ; les gués saisis ; les portes ouvertes",539 av. n. è. ; Daniel 5:30,Accomplie,17_REGISTRE_PROPHETIES_2.md,FICHE REPÉRÉE — qualité non entièrement réauditée,FICHES8_JEREMIE_19.html,Ancre/carte FICHES8 reliée au champ Registre,,
P291,Jérémie 51:34-44,Babylone dévorée ; ses eaux asséchées ; ses dieux jugés,Jérémie 51:36 ; récits de la prise de Babylone,Accomplie,17_REGISTRE_PROPHETIES_2.md,FICHE REPÉRÉE — qualité non entièrement réauditée,FICHES8_JEREMIE_19.html,Ancre/carte FICHES8 reliée au champ Registre,,
P292,Jérémie 51:45-48,Sortez du milieu d'elle ; je paie à Babylone,539 av. n. è. ; appliqué aussi en Révélation 18:4,Accomplie (1er accomplissement),17_REGISTRE_PROPHETIES_2.md,FICHE REPÉRÉE — qualité non entièrement réauditée,FICHES8_JEREMIE_19.html,Ancre/carte FICHES8 reliée au champ Registre,,
P293,Jérémie 51:49-58,"Les murailles de Babylone tombées, ses portes brûlées",539 av. n. è. ; Daniel 5:30,Accomplie,17_REGISTRE_PROPHETIES_2.md,FICHE REPÉRÉE — qualité non entièrement réauditée,FICHES8_JEREMIE_19.html,Ancre/carte FICHES8 reliée au champ Registre,,
P294,Jérémie 51:59-64,Le rouleau jeté dans l'Euphrate : Babylone s'enfoncera,539 av. n. è.,Accomplie,17_REGISTRE_PROPHETIES_2.md,FICHE REPÉRÉE — qualité non entièrement réauditée,FICHES8_JEREMIE_19.html,Ancre/carte FICHES8 reliée au champ Registre,,
P295,Jérémie 52:7-11,"Se résume : Tsidqiya capturé, aveuglé, ses fils tués",2 Rois 25:4-7 ; Jérémie 39:4-7,Accomplie (récit),17_REGISTRE_PROPHETIES_2.md,FICHE REPÉRÉE — qualité non entièrement réauditée,FICHES8_JEREMIE_20_LAMENTATIONS_1.html,Ancre/carte FICHES8 reliée au champ Registre,,
P296,Jérémie 52:12-27,"Se résume : incendies, démolition des murs, déportations, exécutions à Ribla",2 Rois 25:8-21,Accomplie (récit),17_REGISTRE_PROPHETIES_2.md,FICHE REPÉRÉE — qualité non entièrement réauditée,FICHES8_JEREMIE_20_LAMENTATIONS_1.html,Ancre/carte FICHES8 reliée au champ Registre,,
P297,Lamentations 1:1-5,La ville pleine de peuple est assise solitaire ; ses adversaires sont devenus chefs,Jérémie 52:12-16 ; 2 Rois 25:8-11,Accomplie (récit),17_REGISTRE_PROPHETIES_2.md,FICHE REPÉRÉE — qualité non entièrement réauditée,FICHES8_JEREMIE_20_LAMENTATIONS_1.html,Ancre/carte FICHES8 reliée au champ Registre,,
P298,Lamentations 2:15-17,Les passants secouent la tête ; Jéhovah a exécuté ce qu'il avait annoncé,Lévitique 26:14-39 ; Jérémie 26:6,Accomplie,17_REGISTRE_PROPHETIES_2.md,FICHE REPÉRÉE — qualité non entièrement réauditée,FICHES8_JEREMIE_20_LAMENTATIONS_1.html,Ancre/carte FICHES8 reliée au champ Registre,,
P299,"Lamentations 4:21, 22","Édom : la coupe passera aussi ; ton erreur est achevée, fille de Sion","Jérémie 49:17, 18 ; Malachie 1:3, 4",Accomplie / À venir,17_REGISTRE_PROPHETIES_2.md,FICHE REPÉRÉE — qualité non entièrement réauditée,FICHES8_JEREMIE_20_LAMENTATIONS_1.html,Ancre/carte FICHES8 reliée au champ Registre,,
P300,Lamentations 5:19-22,"Rétablis-nous, Jéhovah, et nous reviendrons",Esdras 1:1-4,Accomplie,17_REGISTRE_PROPHETIES_2.md,FICHE REPÉRÉE — qualité non entièrement réauditée,FICHES8_JEREMIE_20_LAMENTATIONS_1.html,Ancre/carte FICHES8 reliée au champ Registre,,
P301,Ézéchiel 2:3-5,La maison rebelle saura qu'un prophète a été au milieu d'elle,Ézéchiel 33:30-33,Accomplie,17_REGISTRE_PROPHETIES_2.md,FICHE REPÉRÉE — qualité non entièrement réauditée,FICHES8_EZECHIEL_1.html,Ancre/carte FICHES8 reliée au champ Registre,,
P302,Ézéchiel 3:4-11,Ils ne t'écouteront pas : ils sont une maison au front dur,"Ézéchiel 3:7 ; 33:31, 32",Accomplie,17_REGISTRE_PROPHETIES_2.md,FICHE REPÉRÉE — qualité non entièrement réauditée,FICHES8_EZECHIEL_1.html,Ancre/carte FICHES8 reliée au champ Registre,,
P303,Ézéchiel 3:22-27,La langue d'Ézéchiel s'attachera à son palais : il reste muet,Ézéchiel 24:27 ; 33:22,Accomplie,17_REGISTRE_PROPHETIES_2.md,FICHE REPÉRÉE — qualité non entièrement réauditée,FICHES8_EZECHIEL_1.html,Ancre/carte FICHES8 reliée au champ Registre,,
P304,Ézéchiel 4:1-8,"Le signe du siège : 390 jours pour Israël, 40 jours pour Juda","Jérémie 39:1, 2 ; 52:4-6",Accomplie,17_REGISTRE_PROPHETIES_2.md,FICHE REPÉRÉE — qualité non entièrement réauditée,FICHES8_EZECHIEL_1.html,Ancre/carte FICHES8 reliée au champ Registre,,
P305,Ézéchiel 4:9-17,"Le pain mangé au poids, l'eau avec effroi ; la famine du siège","2 Rois 25:3 ; Lamentations 4:9, 10 ; 5:4",Accomplie,17_REGISTRE_PROPHETIES_2.md,FICHE REPÉRÉE — qualité non entièrement réauditée,FICHES8_EZECHIEL_1.html,Ancre/carte FICHES8 reliée au champ Registre,,
P306,Ézéchiel 5:1-17,"Un tiers meurt de la peste, un tiers tombe par l'épée, un tiers est dispersé",Jérémie 52:6-16 ; Ézéchiel 5:12,Accomplie,17_REGISTRE_PROPHETIES_2.md,FICHE REPÉRÉE — qualité non entièrement réauditée,FICHES8_EZECHIEL_1.html,Ancre/carte FICHES8 reliée au champ Registre,,
P307,Ézéchiel 6:1-14,"Les hauts lieux désolés, les autels ravagés, les villes en ruines",2 Rois 25:8-11,Accomplie,17_REGISTRE_PROPHETIES_2.md,FICHE REPÉRÉE — qualité non entièrement réauditée,FICHES8_EZECHIEL_2.html,Ancre/carte FICHES8 reliée au champ Registre,,
P308,Ézéchiel 7:1-27,La fin est venue ; ni l'argent ni l'or ne peuvent délivrer,2 Rois 25:1-11 ; Lamentations 4:1,Accomplie,17_REGISTRE_PROPHETIES_2.md,FICHE REPÉRÉE — qualité non entièrement réauditée,FICHES8_EZECHIEL_2.html,Ancre/carte FICHES8 reliée au champ Registre,,
P309,Ézéchiel 8:1-18,Les abominations du temple ; je traiterai avec fureur,2 Chroniques 36:14-19,Accomplie,17_REGISTRE_PROPHETIES_2.md,FICHE REPÉRÉE — qualité non entièrement réauditée,FICHES8_EZECHIEL_2.html,Ancre/carte FICHES8 reliée au champ Registre,,
P310,Ézéchiel 9:1-11,Le signe sur le front des soupirants ; les six hommes frappent sans pitié,Conquête de 607 ; appliqué en Révélation 7:1-3,Accomplie (1er accomplissement),17_REGISTRE_PROPHETIES_2.md,FICHE REPÉRÉE — qualité non entièrement réauditée,FICHES8_EZECHIEL_2.html,Ancre/carte FICHES8 reliée au champ Registre,,
P311,"Ézéchiel 10:18, 19 ; 11:22-23",La gloire de Jéhovah quitte la maison et se tient sur la montagne,2 Chroniques 36:19 ; destruction du temple,Accomplie,17_REGISTRE_PROPHETIES_2.md,FICHE REPÉRÉE — qualité non entièrement réauditée,FICHES8_EZECHIEL_2.html,Ancre/carte FICHES8 reliée au champ Registre,,
P312,Ézéchiel 11:1-13,Pelatya meurt ; les hommes de la ville n'échapperont pas,Ézéchiel 11:13 ; 2 Rois 25:8-11,Accomplie,17_REGISTRE_PROPHETIES_2.md,FICHE REPÉRÉE — qualité non entièrement réauditée,FICHES8_EZECHIEL_2.html,Ancre/carte FICHES8 reliée au champ Registre,,
P313,Ézéchiel 11:16-21,Je serai pour eux un sanctuaire dans les pays ; vous serez rassemblés,Esdras 1:1-4 ; Ézéchiel 11:17,Accomplie,17_REGISTRE_PROPHETIES_2.md,FICHE REPÉRÉE — qualité non entièrement réauditée,FICHES8_EZECHIEL_3.html,Ancre/carte FICHES8 reliée au champ Registre,,
P314,Ézéchiel 12:1-16,"Le signe de l'exil : le prince partira en exil, il n'y verra pas",2 Rois 25:4-7 ; Jérémie 52:7-11,Accomplie,17_REGISTRE_PROPHETIES_2.md,FICHE REPÉRÉE — qualité non entièrement réauditée,FICHES8_EZECHIEL_3.html,Ancre/carte FICHES8 reliée au champ Registre,,
P315,Ézéchiel 12:17-20,Manger avec tremblement : la contrée sera dévastée,Jérémie 52:12-16,Accomplie,17_REGISTRE_PROPHETIES_2.md,FICHE REPÉRÉE — qualité non entièrement réauditée,FICHES8_EZECHIEL_3.html,Ancre/carte FICHES8 reliée au champ Registre,,
P316,Ézéchiel 12:21-28,Plus de délai : la parole s'accomplira,"Ézéchiel 33:21, 22",Accomplie,17_REGISTRE_PROPHETIES_2.md,FICHE REPÉRÉE — qualité non entièrement réauditée,FICHES8_EZECHIEL_3.html,Ancre/carte FICHES8 reliée au champ Registre,,
P317,Ézéchiel 13:1-23,Les faux prophètes et leurs visions disparaîtront,"Ézéchiel 13:23 ; Jérémie 28:16, 17",Accomplie,17_REGISTRE_PROPHETIES_2.md,FICHE REPÉRÉE — qualité non entièrement réauditée,FICHES8_EZECHIEL_3.html,Ancre/carte FICHES8 reliée au champ Registre,,
P318,Ézéchiel 14:1-11,Ceux qui consultent avec des idoles dans le cœur tomberont,Ézéchiel 14:8-10,Accomplie,17_REGISTRE_PROPHETIES_2.md,FICHE REPÉRÉE — qualité non entièrement réauditée,FICHES8_EZECHIEL_3.html,Ancre/carte FICHES8 reliée au champ Registre,,
P319,Ézéchiel 14:12-23,"Quatre jugements : épée, famine, bêtes sauvages, peste ; un reste survivra","Ézéchiel 14:21, 22 ; Jérémie 52:15, 16",Accomplie,17_REGISTRE_PROPHETIES_2.md,FICHE REPÉRÉE — qualité non entièrement réauditée,FICHES8_EZECHIEL_4.html,Ancre/carte FICHES8 reliée au champ Registre,,
P320,Ézéchiel 15:1-8,Le bois de la vigne est livré au feu : Jérusalem aussi,2 Rois 25:9,Accomplie,17_REGISTRE_PROPHETIES_2.md,FICHE REPÉRÉE — qualité non entièrement réauditée,FICHES8_EZECHIEL_4.html,Ancre/carte FICHES8 reliée au champ Registre,,
P321,Ézéchiel 16:1-58,"Jérusalem dépouillée, dénudée, lapidée, brûlée",2 Rois 25:8-21,Accomplie,17_REGISTRE_PROPHETIES_2.md,FICHE REPÉRÉE — qualité non entièrement réauditée,FICHES8_EZECHIEL_4.html,Ancre/carte FICHES8 reliée au champ Registre,,
P322,Ézéchiel 16:59-63,Je me souviendrai de mon alliance et j'établirai une alliance permanente,Jérémie 31:31-34,Accomplie / À venir,17_REGISTRE_PROPHETIES_2.md,FICHE REPÉRÉE — qualité non entièrement réauditée,FICHES8_EZECHIEL_4.html,Ancre/carte FICHES8 reliée au champ Registre,,
P323,Ézéchiel 17:1-24,Tsidqiya emmené à Babylone ; ses partisans dispersés ; une jeune pousse plantée,2 Rois 25:4-11,Accomplie,17_REGISTRE_PROPHETIES_2.md,FICHE REPÉRÉE — qualité non entièrement réauditée,FICHES8_EZECHIEL_4.html,Ancre/carte FICHES8 reliée au champ Registre,,
P324,Ézéchiel 18:1-32,L'âme qui pèche mourra ; celui qui revient vivra,"Ézéchiel 18:21, 22 ; Jérémie 31:29, 30",Accomplie (principe proclamé),17_REGISTRE_PROPHETIES_2.md,FICHE REPÉRÉE — qualité non entièrement réauditée,FICHES8_EZECHIEL_4.html,Ancre/carte FICHES8 reliée au champ Registre,,
P325,Ézéchiel 19:1-14,Les lionceaux pris ; la vigne arrachée ; plus de sceptre royal,2 Rois 23:31-34 ; 25:1-11,Accomplie,17_REGISTRE_PROPHETIES_2.md,FICHE REPÉRÉE — qualité non entièrement réauditée,FICHES8_EZECHIEL_5.html,Ancre/carte FICHES8 reliée au champ Registre,,
P326,Ézéchiel 20:1-38,Les rebelles ne retourneront pas dans le pays ; je vous rassemblerai,Ézéchiel 20:38 ; retour de 537 pour les repentants,Accomplie,17_REGISTRE_PROPHETIES_2.md,FICHE REPÉRÉE — qualité non entièrement réauditée,FICHES8_EZECHIEL_5.html,Ancre/carte FICHES8 reliée au champ Registre,,
P327,Ézéchiel 20:45-49,Le feu dans la forêt du sud,"Jérémie 52:12, 13",Accomplie,17_REGISTRE_PROPHETIES_2.md,FICHE REPÉRÉE — qualité non entièrement réauditée,FICHES8_EZECHIEL_5.html,Ancre/carte FICHES8 reliée au champ Registre,,
P328,Ézéchiel 21:1-32,L'épée tirée contre Jérusalem ; le roi de Babylone consulte à la croisée des chemins ; un sceptre sans effet ; Ammon aussi jugée,"2 Rois 25:1-11 ; Ézéchiel 21:19-22, 28-32",Accomplie,17_REGISTRE_PROPHETIES_2.md,FICHE REPÉRÉE — qualité non entièrement réauditée,FICHES8_EZECHIEL_5.html,Ancre/carte FICHES8 reliée au champ Registre,,
P329,Ézéchiel 22:1-31,"Le creuset : la colère se répand, faute d'un homme qui se tienne dans la brèche",Jérémie 5:1 ; 2 Chroniques 36:16,Accomplie,17_REGISTRE_PROPHETIES_2.md,FICHE REPÉRÉE — qualité non entièrement réauditée,FICHES8_EZECHIEL_5.html,Ancre/carte FICHES8 reliée au champ Registre,,
P330,Ézéchiel 23:1-49,Oholah (Samarie) et Oholibah (Jérusalem) jugées par leurs amants,"2 Rois 17:5, 6 ; 25:1-11",Accomplie,17_REGISTRE_PROPHETIES_2.md,FICHE REPÉRÉE — qualité non entièrement réauditée,FICHES8_EZECHIEL_5.html,Ancre/carte FICHES8 reliée au champ Registre,,
P331,Ézéchiel 24:1-14,La marmite rouillée ; la ville donnée ; la mousse séchée,2 Rois 25:1-11,Accomplie,17_REGISTRE_PROPHETIES_2.md,FICHE REPÉRÉE — qualité non entièrement réauditée,FICHES8_EZECHIEL_6.html,Ancre/carte FICHES8 reliée au champ Registre,,
P332,Ézéchiel 24:15-27,La mort de la femme d'Ézéchiel comme signe ; le fugitif viendra,"Ézéchiel 24:24, 25 ; 33:21, 22",Accomplie,17_REGISTRE_PROPHETIES_2.md,FICHE REPÉRÉE — qualité non entièrement réauditée,FICHES8_EZECHIEL_6.html,Ancre/carte FICHES8 reliée au champ Registre,,
P333,Ézéchiel 25:1-7,Ammon livrée aux fils de l'Orient ; Rabbah pâturage de chameaux,Suppression de la nation ammonite ; Jérémie 49:2,Accomplie,17_REGISTRE_PROPHETIES_2.md,FICHE REPÉRÉE — qualité non entièrement réauditée,FICHES8_EZECHIEL_6.html,Ancre/carte FICHES8 reliée au champ Registre,,
P334,Ézéchiel 25:8-11,Moab et Séir donnés aux fils de l'Orient,Conquêtes babyloniennes,Accomplie,17_REGISTRE_PROPHETIES_2.md,FICHE REPÉRÉE — qualité non entièrement réauditée,FICHES8_EZECHIEL_6.html,Ancre/carte FICHES8 reliée au champ Registre,,
P335,Ézéchiel 25:12-14,Édom : j'étends ma main ; je me vengerai par mon peuple Israël,"Jérémie 49:17, 18 ; disparition d'Édom comme nation",Accomplie,17_REGISTRE_PROPHETIES_2.md,FICHE REPÉRÉE — qualité non entièrement réauditée,FICHES8_EZECHIEL_6.html,Ancre/carte FICHES8 reliée au champ Registre,,
P336,Ézéchiel 25:15-17,Les Philistins retranchés ; le reste de la côte détruit,Prise d'Ashkelon en 604 av. n. è. (date neutre),Accomplie,17_REGISTRE_PROPHETIES_2.md,FICHE REPÉRÉE — qualité non entièrement réauditée,FICHES8_EZECHIEL_6.html,Ancre/carte FICHES8 reliée au champ Registre,,
P337,Ézéchiel 26:1-6,"Tyr raclée comme un rocher nu, lieu pour étendre les filets",Ézéchiel 26:14 ; état du site de Tyr,Accomplie,17_REGISTRE_PROPHETIES_2.md,FICHE REPÉRÉE — qualité non entièrement réauditée,FICHES8_EZECHIEL_7.html,Ancre/carte FICHES8 reliée au champ Registre,,
P338,Ézéchiel 26:7-11,"Neboukadnetsar assiégera Tyr ; les remparts, les tours, les chevaux",Siège babylonien de Tyr,Accomplie,17_REGISTRE_PROPHETIES_2.md,FICHE REPÉRÉE — qualité non entièrement réauditée,FICHES8_EZECHIEL_7.html,Ancre/carte FICHES8 reliée au champ Registre,,
P339,Ézéchiel 26:12-14,"Les pierres, les bois et la poussière jetés dans l'eau",Alexandre bâtit la chaussée avec les débris de la ville continentale (332 av. n. è.),Accomplie,17_REGISTRE_PROPHETIES_2.md,FICHE REPÉRÉE — qualité non entièrement réauditée,FICHES8_EZECHIEL_7.html,Ancre/carte FICHES8 reliée au champ Registre,,
P340,Ézéchiel 26:15-21,Les îles tremblent ; Tyr descendue dans la fosse ; tu ne seras plus,Ézéchiel 26:21 ; fin de Tyr comme puissance,Accomplie,17_REGISTRE_PROPHETIES_2.md,FICHE REPÉRÉE — qualité non entièrement réauditée,FICHES8_EZECHIEL_7.html,Ancre/carte FICHES8 reliée au champ Registre,,
P341,Ézéchiel 27:1-36,Lamentation sur le commerce de Tyr ; les marchands sifflent,Ézéchiel 27:36,Accomplie,17_REGISTRE_PROPHETIES_2.md,FICHE REPÉRÉE — qualité non entièrement réauditée,FICHES8_EZECHIEL_7.html,Ancre/carte FICHES8 reliée au champ Registre,,
P342,Ézéchiel 28:1-19,"Le chef de Tyr : élevé, puis mis à mort par des étrangers ; tu ne seras plus","Ézéchiel 28:10, 19",Accomplie,17_REGISTRE_PROPHETIES_2.md,FICHE REPÉRÉE — qualité non entièrement réauditée,FICHES8_EZECHIEL_7.html,Ancre/carte FICHES8 reliée au champ Registre,,
P343,Ézéchiel 28:20-24,"Sidon : peste, sang, épée ; elle devient une ronce pour Israël",Jugements sur Sidon,Accomplie,17_REGISTRE_PROPHETIES_2.md,FICHE REPÉRÉE — qualité non entièrement réauditée,FICHES8_EZECHIEL_8.html,Ancre/carte FICHES8 reliée au champ Registre,,
P344,"Ézéchiel 28:25, 26","Israël rassemblé de chez les peuples, habitant en sécurité",Esdras 1:1-4,Accomplie,17_REGISTRE_PROPHETIES_2.md,FICHE REPÉRÉE — qualité non entièrement réauditée,FICHES8_EZECHIEL_8.html,Ancre/carte FICHES8 reliée au champ Registre,,
P345,Ézéchiel 29:1-16,"Égypte dévastée quarante ans ; dispersée, puis rassemblée ; royaume insignifiant ; plus de prince du pays d'Égypte",Ézéchiel 29:11-15 ; abaissement durable de l'Égypte,Accomplie,17_REGISTRE_PROPHETIES_2.md,FICHE REPÉRÉE — qualité non entièrement réauditée,FICHES8_EZECHIEL_8.html,Ancre/carte FICHES8 reliée au champ Registre,,
P346,Ézéchiel 29:17-21,L'armée de Neboukadnetsar reçoit l'Égypte comme salaire pour le siège de Tyr,"Ézéchiel 29:19, 20 ; conquête babylonienne de l'Égypte",Accomplie,17_REGISTRE_PROPHETIES_2.md,FICHE REPÉRÉE — qualité non entièrement réauditée,FICHES8_EZECHIEL_8.html,Ancre/carte FICHES8 reliée au champ Registre,,
P347,Ézéchiel 30:1-19,"Le jour de Jéhovah contre l'Égypte et ses alliés ; les villes désolées, une à une",Ézéchiel 30:13-19,Accomplie,17_REGISTRE_PROPHETIES_2.md,FICHE REPÉRÉE — qualité non entièrement réauditée,FICHES8_EZECHIEL_8.html,Ancre/carte FICHES8 reliée au champ Registre,,
P348,Ézéchiel 30:20-26,Le bras de Pharaon brisé ; les bras de Babylone fortifiés,"Ézéchiel 30:24, 25",Accomplie,17_REGISTRE_PROPHETIES_2.md,FICHE REPÉRÉE — qualité non entièrement réauditée,FICHES8_EZECHIEL_8.html,Ancre/carte FICHES8 reliée au champ Registre,,
P349,Ézéchiel 31:1-18,Pharaon comme un cèdre abattu et descendu dans la fosse,"Ézéchiel 31:14, 18",Accomplie,17_REGISTRE_PROPHETIES_2.md,FICHE REPÉRÉE — qualité non entièrement réauditée,FICHES8_EZECHIEL_9.html,Ancre/carte FICHES8 reliée au champ Registre,,
P350,Ézéchiel 32:1-16,Pharaon comme un monstre marin capturé ; la terre arrosée de son sang,Ézéchiel 32:11-15,Accomplie,17_REGISTRE_PROPHETIES_2.md,FICHE REPÉRÉE — qualité non entièrement réauditée,FICHES8_EZECHIEL_9.html,Ancre/carte FICHES8 reliée au champ Registre,,
P351,Ézéchiel 32:17-32,L'Égypte placée parmi les nations descendues dans la fosse,"Ézéchiel 32:31, 32",Accomplie / À venir,17_REGISTRE_PROPHETIES_2.md,FICHE REPÉRÉE — qualité non entièrement réauditée,FICHES8_EZECHIEL_9.html,Ancre/carte FICHES8 reliée au champ Registre,,
P352,Ézéchiel 33:1-20,Le guetteur : celui qui se détourne de sa voie vivra,"Ézéchiel 33:14-16, 19",Accomplie (déclaration),17_REGISTRE_PROPHETIES_2.md,FICHE REPÉRÉE — qualité non entièrement réauditée,FICHES8_EZECHIEL_9.html,Ancre/carte FICHES8 reliée au champ Registre,,
P353,Ézéchiel 33:21-29,Le fugitif arrive : la ville est frappée ; les habitants du pays seront dévorés,"Ézéchiel 33:21, 22",Accomplie,17_REGISTRE_PROPHETIES_2.md,FICHE REPÉRÉE — qualité non entièrement réauditée,FICHES8_EZECHIEL_9.html,Ancre/carte FICHES8 reliée au champ Registre,,
P354,Ézéchiel 33:30-33,Ils entendront qu'un prophète a été au milieu d'eux,Ézéchiel 33:33,Accomplie,17_REGISTRE_PROPHETIES_2.md,FICHE REPÉRÉE — qualité non entièrement réauditée,FICHES8_EZECHIEL_9.html,Ancre/carte FICHES8 reliée au champ Registre,,
P355,Ézéchiel 34:1-31,"Les bergers d'Israël jugés ; un seul berger, mon serviteur David ; alliance de paix","Ézéchiel 34:23, 24",Accomplie / À venir,17_REGISTRE_PROPHETIES_2.md,FICHE REPÉRÉE — qualité non entièrement réauditée,FICHES8_EZECHIEL_10.html,Ancre/carte FICHES8 reliée au champ Registre,,
P356,Ézéchiel 35:1-15,Mont Séir : tu deviendras une désolation ; tu ne cesserais pas de m'opposer,"Ézéchiel 35:9, 15 ; disparition d'Édom",Accomplie,17_REGISTRE_PROPHETIES_2.md,FICHE REPÉRÉE — qualité non entièrement réauditée,FICHES8_EZECHIEL_10.html,Ancre/carte FICHES8 reliée au champ Registre,,
P357,Ézéchiel 36:1-38,Vous serez rassemblés ; les villes habitées ; les ruines rebâties ; la terre cultivée,Ézéchiel 36:33-36 ; Esdras 1-6 ; Néhémie 11,Accomplie,17_REGISTRE_PROPHETIES_2.md,FICHE REPÉRÉE — qualité non entièrement réauditée,FICHES8_EZECHIEL_10.html,Ancre/carte FICHES8 reliée au champ Registre,,
P358,Ézéchiel 37:1-14,Les ossements desséchés revivent : la maison d'Israël rétablie,"Ézéchiel 37:12, 14 ; retour de 537",Accomplie (1er accomplissement) / À venir,17_REGISTRE_PROPHETIES_2.md,FICHE REPÉRÉE — qualité non entièrement réauditée,FICHES8_EZECHIEL_10.html,Ancre/carte FICHES8 reliée au champ Registre,,
P359,Ézéchiel 37:15-28,Les deux bois réunis ; un seul roi ; alliance de paix ; le sanctuaire,"Ézéchiel 37:22, 26, 28",À venir,17_REGISTRE_PROPHETIES_2.md,FICHE REPÉRÉE — qualité non entièrement réauditée,FICHES8_EZECHIEL_10.html,Ancre/carte FICHES8 reliée au champ Registre,,
P360,Ézéchiel 38:1-23,"Gog de Magog attaque le peuple rassemblé en sécurité ; jugement par la peste, le sang, la grêle, le feu",Ézéchiel 38:18-22,À venir,17_REGISTRE_PROPHETIES_2.md,FICHE REPÉRÉE — qualité non entièrement réauditée,FICHES8_EZECHIEL_10.html,Ancre/carte FICHES8 reliée au champ Registre,,
P361,Ézéchiel 39:1-20,Gog tombe sur les montagnes ; les oiseaux sont convoqués au grand sacrifice,"Ézéchiel 39:4, 17, 18",À venir,17_REGISTRE_PROPHETIES_2.md,FICHE REPÉRÉE — qualité non entièrement réauditée,FICHES8_EZECHIEL_11.html,Ancre/carte FICHES8 reliée au champ Registre,,
P362,Ézéchiel 39:11-16,Le pays purifié par l'ensevelissement des restes pendant sept mois,Ézéchiel 39:12-14,À venir,17_REGISTRE_PROPHETIES_2.md,FICHE REPÉRÉE — qualité non entièrement réauditée,FICHES8_EZECHIEL_11.html,Ancre/carte FICHES8 reliée au champ Registre,,
P363,Ézéchiel 39:21-29,Israël rassemblé ; plus de visage caché,"Ézéchiel 39:28, 29",Accomplie / À venir,17_REGISTRE_PROPHETIES_2.md,FICHE REPÉRÉE — qualité non entièrement réauditée,FICHES8_EZECHIEL_11.html,Ancre/carte FICHES8 reliée au champ Registre,,
P364,Ézéchiel 40:1-48:35,"Le temple visionnaire, les mesures, le territoire réparti entre les tribus",—,À venir,17_REGISTRE_PROPHETIES_2.md,FICHE REPÉRÉE — qualité non entièrement réauditée,FICHES8_EZECHIEL_11.html,Ancre/carte FICHES8 reliée au champ Registre,,
P365,Ézéchiel 43:1-12,La gloire revient dans la maison ; loi de la maison,"Ézéchiel 43:4, 5",À venir,17_REGISTRE_PROPHETIES_2.md,FICHE REPÉRÉE — qualité non entièrement réauditée,FICHES8_EZECHIEL_11.html,Ancre/carte FICHES8 reliée au champ Registre,,
P366,Ézéchiel 47:1-12,Rivière sortant du sanctuaire ; la mer morte guérie ; arbres pour guérison,"Ézéchiel 47:8, 9, 12 ; appliqué aussi en Révélation 22:1, 2",À venir,17_REGISTRE_PROPHETIES_2.md,FICHE REPÉRÉE — qualité non entièrement réauditée,FICHES8_EZECHIEL_11.html,Ancre/carte FICHES8 reliée au champ Registre,,
P367,Ézéchiel 48:35,Le nom de la ville : « Jéhovah est là »,Ézéchiel 48:35,À venir,17_REGISTRE_PROPHETIES_2.md,FICHE REPÉRÉE — qualité non entièrement réauditée,FICHES8_TRANSITION_EZDN.html,Ancre/carte FICHES8 reliée au champ Registre,,
P368,Daniel 1:1-7,Les ustensiles de la maison emportés à Babylone ; les jeunes emmenés,2 Rois 24:13 ; 2 Chroniques 36:7,Accomplie,17_REGISTRE_PROPHETIES_2.md,FICHE REPÉRÉE — qualité non entièrement réauditée,FICHES8_TRANSITION_EZDN.html,Ancre/carte FICHES8 reliée au champ Registre,,
P369,Daniel 1:17-21,Daniel demeure jusqu'à la première année de Cyrus,Daniel 10:1 ; 539 av. n. è.,Accomplie,17_REGISTRE_PROPHETIES_2.md,FICHE REPÉRÉE — qualité non entièrement réauditée,FICHES8_TRANSITION_EZDN.html,Ancre/carte FICHES8 reliée au champ Registre,,
P370,Daniel 2:1-43,"La statue : tête d'or, poitrine et bras d'argent, ventre et cuisses de cuivre, jambes de fer, pieds de fer et d'argile","Babylone, Médo-Perse, Grèce, Rome ; histoire universelle",Accomplie,17_REGISTRE_PROPHETIES_2.md,FICHE REPÉRÉE — qualité non entièrement réauditée,FICHES8_TRANSITION_EZDN.html,Ancre/carte FICHES8 reliée au champ Registre,,
P371,"Daniel 2:34, 35, 44, 45",La pierre frappe la statue et devient une grande montagne ; le Dieu du ciel établit un royaume qui ne sera jamais détruit,"Daniel 7:13, 14 ; Révélation 11:15","À venir (établissement accompli, domination en cours)",17_REGISTRE_PROPHETIES_2.md,FICHE REPÉRÉE — qualité non entièrement réauditée,FICHES8_TRANSITION_EZDN.html,Ancre/carte FICHES8 reliée au champ Registre,,
P372,Daniel 4:10-27,L'arbre abattu ; sept temps ; l'herbe comme nourriture,Daniel 4:28-33,Accomplie,17_REGISTRE_PROPHETIES_2.md,FICHE REPÉRÉE — qualité non entièrement réauditée,FICHES8_TRANSITION_EZDN.html,Ancre/carte FICHES8 reliée au champ Registre,,
P373,"Daniel 4:31, 32",La raison te reviendra ; le Très-Haut domine sur le royaume des hommes,Daniel 4:34-36,Accomplie,17_REGISTRE_PROPHETIES_2.md,FICHE REPÉRÉE — qualité non entièrement réauditée,FICHES8_DANIEL_1.html,Ancre/carte FICHES8 reliée au champ Registre,,
P374,Daniel 5:5-28,La main écrit sur la muraille ; ton royaume est divisé et donné aux Mèdes et aux Perses,"Daniel 5:30, 31 (cette nuit même)",Accomplie,17_REGISTRE_PROPHETIES_2.md,FICHE REPÉRÉE — qualité non entièrement réauditée,FICHES8_DANIEL_1.html,Ancre/carte FICHES8 reliée au champ Registre,,
P375,"Daniel 5:23, 24",Tu n'as pas glorifié le Dieu qui tient ton souffle : les dieux d'argent ne sauvent pas,Daniel 5:30,Accomplie,17_REGISTRE_PROPHETIES_2.md,FICHE REPÉRÉE — qualité non entièrement réauditée,FICHES8_DANIEL_1.html,Ancre/carte FICHES8 reliée au champ Registre,,
P376,Daniel 6:24,Les accusateurs de Daniel jetés aux lions avec leurs familles,Daniel 6:24,Accomplie,17_REGISTRE_PROPHETIES_2.md,FICHE REPÉRÉE — qualité non entièrement réauditée,FICHES8_DANIEL_1.html,Ancre/carte FICHES8 reliée au champ Registre,,
P377,Daniel 7:1-7,"Quatre bêtes sortant de la mer : lion ailé, ours, léopard à quatre têtes, bête terrible à dents de fer","Daniel 2 ; Babylone, Médo-Perse, Grèce, Rome",Accomplie,17_REGISTRE_PROPHETIES_2.md,FICHE REPÉRÉE — qualité non entièrement réauditée,FICHES8_DANIEL_1.html,Ancre/carte FICHES8 reliée au champ Registre,,
P378,"Daniel 7:8, 24-26",La petite corne : trois rois abaissés ; paroles contre le Très-Haut ; les saints livrés,Daniel 7:25 ; histoire hellénistique et romaine,Accomplie / À venir,17_REGISTRE_PROPHETIES_2.md,FICHE REPÉRÉE — qualité non entièrement réauditée,FICHES8_DANIEL_1.html,Ancre/carte FICHES8 reliée au champ Registre,,
P379,Daniel 7:9-14,Le Trône de feu ; le Fils de l'homme reçoit domination et royaume éternels,"Matthieu 26:64 ; Révélation 5:9, 10",À venir,17_REGISTRE_PROPHETIES_2.md,FICHE REPÉRÉE — qualité non entièrement réauditée,FICHES8_DANIEL_2.html,Ancre/carte FICHES8 reliée au champ Registre,,
P380,Daniel 7:27,Le royaume donné aux saints du Très-Haut,Révélation 22:3-5,À venir,17_REGISTRE_PROPHETIES_2.md,FICHE REPÉRÉE — qualité non entièrement réauditée,FICHES8_DANIEL_2.html,Ancre/carte FICHES8 reliée au champ Registre,,
P381,"Daniel 8:1-8, 20, 21",Le bélier à deux cornes (Mède-Perse) abattu par le bouc (Grèce) ; la grande corne brisée,"Alexandre ; conquêtes grecques ; Daniel 8:21, 22",Accomplie,17_REGISTRE_PROPHETIES_2.md,FICHE REPÉRÉE — qualité non entièrement réauditée,FICHES8_DANIEL_2.html,Ancre/carte FICHES8 reliée au champ Registre,,
P382,"Daniel 8:8, 22",Le grand royaume divisé en quatre royaumes inférieurs,Partage entre les généraux d'Alexandre (301 av. n. è.),Accomplie,17_REGISTRE_PROPHETIES_2.md,FICHE REPÉRÉE — qualité non entièrement réauditée,FICHES8_DANIEL_2.html,Ancre/carte FICHES8 reliée au champ Registre,,
P383,"Daniel 8:9-14, 23-25",La petite corne s'élève ; elle ôte la constante et profane le sanctuaire ; 2 300 jours du soir et du matin,"Antiochus IV ; 1 Maccabées 1 ; Josèphe, *Antiquités* 12",Accomplie,17_REGISTRE_PROPHETIES_2.md,FICHE REPÉRÉE — qualité non entièrement réauditée,FICHES8_DANIEL_2.html,Ancre/carte FICHES8 reliée au champ Registre,,
P384,Daniel 9:1-19,Les soixante-dix ans de Jérémie reconnus et pris en compte dans la prière,Daniel 9:2 ; Jérémie 25:11 ; 29:10,Accomplie,17_REGISTRE_PROPHETIES_2.md,FICHE REPÉRÉE — qualité non entièrement réauditée,FICHES8_DANIEL_2.html,Ancre/carte FICHES8 reliée au champ Registre,,
P385,Daniel 9:24-27,"Soixante-dix semaines : transgression achevée, saint des saints oint ; le Messie retranché après soixante-neuf semaines ; la ville et le sanctuaire détruits par l'ennemi","Luc 3:1, 21, 22 (baptême) ; 70 de n. è. ; Luc 19:43, 44 ; 21:20",Accomplie,17_REGISTRE_PROPHETIES_2.md,FICHE REPÉRÉE — qualité non entièrement réauditée,FICHES8_DANIEL_3.html,Ancre/carte FICHES8 reliée au champ Registre,,
P386,Daniel 10:12-14,Vingt et un jours de retard ; le prince de Perse résiste ; Mikaël vient en aide,"Daniel 10:13, 21",Accomplie (récit),17_REGISTRE_PROPHETIES_2.md,FICHE REPÉRÉE — qualité non entièrement réauditée,FICHES8_DANIEL_3.html,Ancre/carte FICHES8 reliée au champ Registre,,
P387,Daniel 11:2,"Quatre rois de Perse, puis un quatrième riche qui soulèvera tout contre la Grèce",Xerxès Ier ; expédition de Grèce (480 av. n. è.),Accomplie,17_REGISTRE_PROPHETIES_2.md,FICHE REPÉRÉE — qualité non entièrement réauditée,FICHES8_DANIEL_3.html,Ancre/carte FICHES8 reliée au champ Registre,,
P388,Daniel 11:3,Un roi puissant exécutera selon son bon plaisir,Alexandre le Grand,Accomplie,17_REGISTRE_PROPHETIES_2.md,FICHE REPÉRÉE — qualité non entièrement réauditée,FICHES8_DANIEL_3.html,Ancre/carte FICHES8 reliée au champ Registre,,
P389,Daniel 11:4,"Son royaume brisé et divisé vers les quatre vents, non pour ses descendants",Partage de 301 av. n. è.,Accomplie,17_REGISTRE_PROPHETIES_2.md,FICHE REPÉRÉE — qualité non entièrement réauditée,FICHES8_DANIEL_3.html,Ancre/carte FICHES8 reliée au champ Registre,,
P390,Daniel 11:5,Le roi du sud devient fort ; un prince plus fort que lui dominera,Ptolémée Ier ; Séleucus Ier,Accomplie,17_REGISTRE_PROPHETIES_2.md,FICHE REPÉRÉE — qualité non entièrement réauditée,FICHES8_DANIEL_3.html,Ancre/carte FICHES8 reliée au champ Registre,,
P391,Daniel 11:6,"Alliance par mariage entre les deux rois, puis la fille livrée",Ptolémée II et sa fille Bérénice ; Antiochus II,Accomplie,17_REGISTRE_PROPHETIES_2.md,FICHE REPÉRÉE — qualité non entièrement réauditée,FICHES8_DANIEL_4.html,Ancre/carte FICHES8 reliée au champ Registre,,
P392,Daniel 11:7-9,Une branche de la fille du roi s'élèvera contre le nord et l'emportera,Ptolémée III Évergète (245 av. n. è.),Accomplie,17_REGISTRE_PROPHETIES_2.md,FICHE REPÉRÉE — qualité non entièrement réauditée,FICHES8_DANIEL_4.html,Ancre/carte FICHES8 reliée au champ Registre,,
P393,Daniel 11:10-13,Les fils du roi du nord lèvent une grande armée ; de nouveau la bataille,Séleucus III et Antiochus III ; quatrième guerre de Syrie,Accomplie,17_REGISTRE_PROPHETIES_2.md,FICHE REPÉRÉE — qualité non entièrement réauditée,FICHES8_DANIEL_4.html,Ancre/carte FICHES8 reliée au champ Registre,,
P394,"Daniel 11:11, 12","Le roi du sud s'irrite ; il abat des dizaines de milliers, mais ne l'emporte pas","Bataille de Raphia, 217 av. n. è. (date neutre) ; Polybe, *Histoires* 5.82-86",Accomplie,17_REGISTRE_PROPHETIES_2.md,FICHE REPÉRÉE — qualité non entièrement réauditée,FICHES8_DANIEL_4.html,Ancre/carte FICHES8 reliée au champ Registre,,
P395,Daniel 11:14-16,Beaucoup se dressent ; des hommes de ton peuple s'exaltent ; le roi du nord prend le pays de la Parure,Antiochus III et la Palestine,Accomplie,17_REGISTRE_PROPHETIES_2.md,FICHE REPÉRÉE — qualité non entièrement réauditée,FICHES8_DANIEL_4.html,Ancre/carte FICHES8 reliée au champ Registre,,
P396,Daniel 11:17,Il donne la fille de sa femme pour la détruire,Mariage de Cléopâtre I avec Ptolémée V (193 av. n. è.),Accomplie,17_REGISTRE_PROPHETIES_2.md,FICHE REPÉRÉE — qualité non entièrement réauditée,FICHES8_DANIEL_4.html,Ancre/carte FICHES8 reliée au champ Registre,,
P397,"Daniel 11:18, 19","Il tourne sa face vers les îles, puis trébuche sur son propre sol","Défaite face à Rome (Magnésie, 190-188 av. n. è.)",Accomplie,17_REGISTRE_PROPHETIES_2.md,FICHE REPÉRÉE — qualité non entièrement réauditée,FICHES8_DANIEL_5.html,Ancre/carte FICHES8 reliée au champ Registre,,
P398,Daniel 11:20,Un roi fait passer l'exacteur par la gloire du royaume ; en quelques jours il est brisé,Séleucus IV et son collecteur d'impôts ; Daniel 11:20,Accomplie,17_REGISTRE_PROPHETIES_2.md,FICHE REPÉRÉE — qualité non entièrement réauditée,FICHES8_DANIEL_5.html,Ancre/carte FICHES8 reliée au champ Registre,,
P399,Daniel 11:21-24,"Un homme méprisé s'élève en temps de paix, agit avec ruse, pille",Antiochus IV Épiphane (175 av. n. è.),Accomplie,17_REGISTRE_PROPHETIES_2.md,FICHE REPÉRÉE — qualité non entièrement réauditée,FICHES8_DANIEL_5.html,Ancre/carte FICHES8 reliée au champ Registre,,
P400,Daniel 11:25-27,Guerre contre le sud ; des complots ; les deux rois se parlent dans le mensonge,Campagnes d'Antiochus IV contre l'Égypte,Accomplie,17_REGISTRE_PROPHETIES_2.md,FICHE REPÉRÉE — qualité non entièrement réauditée,FICHES8_DANIEL_5.html,Ancre/carte FICHES8 reliée au champ Registre,,
P401,Daniel 11:28-30,Il revient contre l'alliance ; les navires de Kittim viennent contre lui,Antiochus IV contraint par Rome (la « journée d'Éleusis »),Accomplie,17_REGISTRE_PROPHETIES_2.md,FICHE REPÉRÉE — qualité non entièrement réauditée,FICHES8_DANIEL_5.html,Ancre/carte FICHES8 reliée au champ Registre,,
P402,Daniel 11:31-35,La chose immonde qui cause la désolation ; les hommes de perspicacité purifiés dans l'épreuve,"1 Maccabées 1:20-64 ; Josèphe, *Antiquités* 12.5.4 ; cité aussi en Matthieu 24:15",Accomplie (1er accomplissement) / À venir,17_REGISTRE_PROPHETIES_2.md,FICHE REPÉRÉE — qualité non entièrement réauditée,FICHES8_DANIEL_5.html,Ancre/carte FICHES8 reliée au champ Registre,,
P403,Daniel 11:36-45,"Le roi agissant selon son bon plaisir, s'élevant au-dessus de tout dieu ; sa fin sans secours",—,À venir,17_REGISTRE_PROPHETIES_2.md,FICHE REPÉRÉE — qualité non entièrement réauditée,FICHES8_DANIEL_6.html,Ancre/carte FICHES8 reliée au champ Registre,,
P404,Daniel 12:1,Mikaël se tiendra là : un temps de détresse sans précédent ; ton peuple échappera,"Matthieu 24:21, 22 ; Révélation 12:7",À venir,17_REGISTRE_PROPHETIES_2.md,FICHE REPÉRÉE — qualité non entièrement réauditée,FICHES8_DANIEL_6.html,Ancre/carte FICHES8 reliée au champ Registre,,
P405,"Daniel 12:2, 3",Beaucoup de ceux qui dorment se réveilleront : vie éternelle ou honte,"Jean 5:28, 29 ; Actes 24:15",À venir,17_REGISTRE_PROPHETIES_2.md,FICHE REPÉRÉE — qualité non entièrement réauditée,FICHES8_DANIEL_6.html,Ancre/carte FICHES8 reliée au champ Registre,,
P406,"Daniel 12:4, 9",Le livre scellé jusqu'au temps de la fin ; la vraie connaissance deviendra abondante,"Daniel 12:4, 9",En cours,17_REGISTRE_PROPHETIES_2.md,FICHE REPÉRÉE — qualité non entièrement réauditée,FICHES8_DANIEL_6.html,Ancre/carte FICHES8 reliée au champ Registre,,
P407,"Daniel 12:7, 11, 12","Un temps, des temps et un demi-temps ; 1 290 jours ; heureux celui qui attend 1 335 jours",—,À venir,17_REGISTRE_PROPHETIES_2.md,FICHE REPÉRÉE — qualité non entièrement réauditée,FICHES8_DANIEL_6.html,Ancre/carte FICHES8 reliée au champ Registre,,
P408,"Osée 1:4, 5",Je mettrai fin à la royauté de la maison d'Israël ; je briserai l'arc d'Israël dans la vallée de Jezréel,"2 Rois 17:5, 6, 22, 23",Accomplie,18_REGISTRE_PROPHETIES_3.md,FICHE REPÉRÉE — qualité non entièrement réauditée,FICHES8_OSEE_1.html,Ancre/carte FICHES8 reliée au champ Registre,,
P409,"Osée 1:6, 7","Pas de miséricorde pour Israël, mais miséricorde pour Juda : je les sauverai par Jéhovah leur Dieu","2 Rois 19:34, 35 (délivrance de Jérusalem)",Accomplie,18_REGISTRE_PROPHETIES_3.md,FICHE REPÉRÉE — qualité non entièrement réauditée,FICHES8_OSEE_1.html,Ancre/carte FICHES8 reliée au champ Registre,,
P410,Osée 1:9-11,Vous n'êtes pas mon peuple ; ils seront appelés fils du Dieu vivant,"Romains 9:25, 26 ; 1 Pierre 2:10",Accomplie,18_REGISTRE_PROPHETIES_3.md,FICHE REPÉRÉE — qualité non entièrement réauditée,FICHES8_OSEE_1.html,Ancre/carte FICHES8 reliée au champ Registre,,
P411,Osée 2:2-13,"Jugement sur l'épouse infidèle : je découvre sa honte, j'arrête ses fêtes",2 Rois 17:7-18,Accomplie,18_REGISTRE_PROPHETIES_3.md,FICHE REPÉRÉE — qualité non entièrement réauditée,FICHES8_OSEE_1.html,Ancre/carte FICHES8 reliée au champ Registre,,
P412,Osée 2:14-23,Je l'attirerai ; je ferai une alliance ; je te fiancerai pour toujours,"Romains 9:25, 26 ; Osée 2:19-23",Accomplie / À venir,18_REGISTRE_PROPHETIES_3.md,FICHE REPÉRÉE — qualité non entièrement réauditée,FICHES8_OSEE_1.html,Ancre/carte FICHES8 reliée au champ Registre,,
P413,"Osée 3:4, 5","Longtemps sans roi, sans prince, sans sacrifice, sans éphod ; ensuite ils reviendront chercher Jéhovah et David leur roi","2 Rois 17:6, 23 (dispersion) ; retour annoncé en Osée 3:5",Accomplie / À venir,18_REGISTRE_PROPHETIES_3.md,FICHE REPÉRÉE — qualité non entièrement réauditée,FICHES8_OSEE_1.html,Ancre/carte FICHES8 reliée au champ Registre,,
P414,Osée 4:6-19,Mon peuple est détruit faute de connaissance ; je les oublierai ; Éphraïm en disgrâce,2 Rois 17:6-20,Accomplie,18_REGISTRE_PROPHETIES_3.md,FICHE REPÉRÉE — qualité non entièrement réauditée,FICHES8_OSEE_2.html,Ancre/carte FICHES8 reliée au champ Registre,,
P415,Osée 5:8-15,Je dévasterai Éphraïm et je serai pour Juda comme un lion ; je m'en irai,2 Rois 17:6 ; 2 Rois 25:1-11,Accomplie,18_REGISTRE_PROPHETIES_3.md,FICHE REPÉRÉE — qualité non entièrement réauditée,FICHES8_OSEE_2.html,Ancre/carte FICHES8 reliée au champ Registre,,
P416,Osée 7:8-16,Éphraïm se mêle aux peuples ; ils retourneront au pays d'Assyrie,"2 Rois 17:6, 23",Accomplie,18_REGISTRE_PROPHETIES_3.md,FICHE REPÉRÉE — qualité non entièrement réauditée,FICHES8_OSEE_2.html,Ancre/carte FICHES8 reliée au champ Registre,,
P417,Osée 8:1-14,Je rassemblerai la captivité ; Israël est retourné en Égypte et mangera en Assyrie,2 Rois 17:6,Accomplie,18_REGISTRE_PROPHETIES_3.md,FICHE REPÉRÉE — qualité non entièrement réauditée,FICHES8_OSEE_2.html,Ancre/carte FICHES8 reliée au champ Registre,,
P418,Osée 9:1-17,Ils ne demeureront pas dans le pays de Jéhovah ; Éphraïm errant parmi les nations,"2 Rois 17:6, 23 ; Osée 9:17",Accomplie,18_REGISTRE_PROPHETIES_3.md,FICHE REPÉRÉE — qualité non entièrement réauditée,FICHES8_OSEE_2.html,Ancre/carte FICHES8 reliée au champ Registre,,
P419,Osée 10:1-15,Le veau de Béthel sera emporté en offrande au roi d'Assyrie ; le roi d'Israël sera retranché,"2 Rois 17:6 ; Osée 10:6, 7, 15",Accomplie,18_REGISTRE_PROPHETIES_3.md,FICHE REPÉRÉE — qualité non entièrement réauditée,FICHES8_OSEE_2.html,Ancre/carte FICHES8 reliée au champ Registre,,
P420,Osée 11:1,D'Égypte j'ai appelé mon fils,"Matthieu 2:14, 15",Accomplie,18_REGISTRE_PROPHETIES_3.md,FICHE REPÉRÉE — qualité non entièrement réauditée,FICHES8_OSEE_3.html,Ancre/carte FICHES8 reliée au champ Registre,,
P421,Osée 11:5-11,Ils retourneront au pays d'Assyrie ; mais je ferai revenir mes fils de l'ouest,"2 Rois 17:6 ; Osée 11:10, 11",Accomplie,18_REGISTRE_PROPHETIES_3.md,FICHE REPÉRÉE — qualité non entièrement réauditée,FICHES8_OSEE_3.html,Ancre/carte FICHES8 reliée au champ Registre,,
P422,Osée 14:1-9,Je les guérirai ; ils fleuriront comme le lis et reviendront,Osée 14:4-7,Accomplie / À venir,18_REGISTRE_PROPHETIES_3.md,FICHE REPÉRÉE — qualité non entièrement réauditée,FICHES8_OSEE_3.html,Ancre/carte FICHES8 reliée au champ Registre,,
P423,Joël 1:4-20,L'invasion des sauterelles ; la privation des offrandes ; le pays dévasté,"Joël 1:4-7, 10-12 ; application spirituelle (Joël 2:25)",Accomplie (1er accomplissement),18_REGISTRE_PROPHETIES_3.md,FICHE REPÉRÉE — qualité non entièrement réauditée,FICHES8_OSEE_3.html,Ancre/carte FICHES8 reliée au champ Registre,,
P424,Joël 2:1-11,Le jour de Jéhovah ; une armée de sauterelles symbolique ; personne ne leur ressemble,Joël 2:11 ; application au temps de la fin,Accomplie (1er accomplissement) / À venir,18_REGISTRE_PROPHETIES_3.md,FICHE REPÉRÉE — qualité non entièrement réauditée,FICHES8_JOEL_1.html,Ancre/carte FICHES8 reliée au champ Registre,,
P425,Joël 2:12-27,Revenez à moi ; je vous rendrai les années dévorées par les sauterelles,Joël 2:25-27,Accomplie (1er accomplissement),18_REGISTRE_PROPHETIES_3.md,FICHE REPÉRÉE — qualité non entièrement réauditée,FICHES8_JOEL_1.html,Ancre/carte FICHES8 reliée au champ Registre,,
P426,Joël 2:28-32,Je répandrai mon esprit sur toute sorte de chair ; prodiges ; quiconque invoquera le nom de Jéhovah sera sauvé,"Actes 2:16-21 (Pentecôte, 33 de n. è.)",Accomplie (1er accomplissement),18_REGISTRE_PROPHETIES_3.md,FICHE REPÉRÉE — qualité non entièrement réauditée,FICHES8_JOEL_1.html,Ancre/carte FICHES8 reliée au champ Registre,,
P427,Joël 3:1-8,"Le rassemblement des nations ; Tyr, Sidon et la Philistie vendirent les fils de Juda aux Grecs","Traite des prisonniers par Tyr, Sidon et la Philistie ; campagne d'Alexandre (Za 9:1-8)",Accomplie,18_REGISTRE_PROPHETIES_3.md,FICHE REPÉRÉE — qualité non entièrement réauditée,FICHES8_JOEL_1.html,Ancre/carte FICHES8 reliée au champ Registre,,
P428,Joël 3:9-17,La vallée de la décision ; le jour de Jéhovah parmi les nations,"Révélation 16:14, 16 ; 19:11-21",À venir,18_REGISTRE_PROPHETIES_3.md,FICHE REPÉRÉE — qualité non entièrement réauditée,FICHES8_JOEL_1.html,Ancre/carte FICHES8 reliée au champ Registre,,
P429,Joël 3:18-21,Une source sortira de la maison de Jéhovah ; Juda habité pour toujours,"Ézéchiel 47:1-12 ; Révélation 22:1, 2",À venir,18_REGISTRE_PROPHETIES_3.md,FICHE REPÉRÉE — qualité non entièrement réauditée,FICHES8_JOEL_1.html,Ancre/carte FICHES8 reliée au champ Registre,,
P430,Amos 1:3-15,"Jugements sur Damas, Gaza, Tyr, Édom, Ammon",Conquêtes assyriennes et babyloniennes successives,Accomplie,18_REGISTRE_PROPHETIES_3.md,FICHE REPÉRÉE — qualité non entièrement réauditée,FICHES8_AMOS_1.html,Ancre/carte FICHES8 reliée au champ Registre,,
P431,Amos 2:1-5,Jugements sur Moab et Juda ; je dévorerai les palais de Jérusalem,"2 Rois 25:8, 9",Accomplie,18_REGISTRE_PROPHETIES_3.md,FICHE REPÉRÉE — qualité non entièrement réauditée,FICHES8_AMOS_1.html,Ancre/carte FICHES8 reliée au champ Registre,,
P432,Amos 2:6-16,"Je te punirai, Israël, pour l'oppression du juste et le mépris des lois ; fuite impossible",2 Rois 17:6-18,Accomplie,18_REGISTRE_PROPHETIES_3.md,FICHE REPÉRÉE — qualité non entièrement réauditée,FICHES8_AMOS_1.html,Ancre/carte FICHES8 reliée au champ Registre,,
P433,Amos 3:1-15,Je te châtierai ; l'ennemi ravagera le pays ; j'abattrai les autels de Béthel,2 Rois 17:6-23,Accomplie,18_REGISTRE_PROPHETIES_3.md,FICHE REPÉRÉE — qualité non entièrement réauditée,FICHES8_AMOS_1.html,Ancre/carte FICHES8 reliée au champ Registre,,
P434,Amos 4:1-13,Les génisses de Bashân exilées ; prépare-toi à rencontrer ton Dieu,2 Rois 17:6,Accomplie,18_REGISTRE_PROPHETIES_3.md,FICHE REPÉRÉE — qualité non entièrement réauditée,FICHES8_AMOS_1.html,Ancre/carte FICHES8 reliée au champ Registre,,
P435,Amos 5:1-27,Samarie tombera ; l'exil au-delà de Damas ; je rejetterai le reste de Joseph,2 Rois 17:6,Accomplie,18_REGISTRE_PROPHETIES_3.md,FICHE REPÉRÉE — qualité non entièrement réauditée,FICHES8_AMOS_1.html,Ancre/carte FICHES8 reliée au champ Registre,,
P436,Amos 6:1-14,Malheur à ceux qui sont à l'aise en Sion ; je livrerai la ville et tout ce qu'elle contient,2 Rois 17:6 ; 2 Rois 25:1-11,Accomplie,18_REGISTRE_PROPHETIES_3.md,FICHE REPÉRÉE — qualité non entièrement réauditée,FICHES8_AMOS_2.html,Ancre/carte FICHES8 reliée au champ Registre,,
P437,Amos 7:1-9,"Visions : sauterelles, feu dévorant, fil à plomb ; je ne passerai plus sur eux","Amos 7:8, 9 ; 2 Rois 17:6",Accomplie,18_REGISTRE_PROPHETIES_3.md,FICHE REPÉRÉE — qualité non entièrement réauditée,FICHES8_AMOS_2.html,Ancre/carte FICHES8 reliée au champ Registre,,
P438,Amos 7:10-17,"Amatsia : ta femme deviendra prostituée, ton pays partagé, tu mourras en pays impur",Amos 7:17 ; exil assyrien,Accomplie,18_REGISTRE_PROPHETIES_3.md,FICHE REPÉRÉE — qualité non entièrement réauditée,FICHES8_AMOS_2.html,Ancre/carte FICHES8 reliée au champ Registre,,
P439,Amos 8:1-10,La corbeille de fruits d'été : la fin est venue ; le soleil se couchera en plein midi,"Amos 8:2, 9, 10 ; 2 Rois 17:6",Accomplie,18_REGISTRE_PROPHETIES_3.md,FICHE REPÉRÉE — qualité non entièrement réauditée,FICHES8_AMOS_2.html,Ancre/carte FICHES8 reliée au champ Registre,,
P440,Amos 8:11-14,"Famine : non de pain, mais d'entendre les paroles de Jéhovah","Amos 8:11, 12 ; périodes d'apostasie",Accomplie / À venir,18_REGISTRE_PROPHETIES_3.md,FICHE REPÉRÉE — qualité non entièrement réauditée,FICHES8_AMOS_2.html,Ancre/carte FICHES8 reliée au champ Registre,,
P441,Amos 9:1-15,Je les disperserai parmi les nations ; je relèverai la hutte de David tombée et je bâtirai ses ruines,"Amos 9:9, 10 ; Actes 15:16, 17 (application)",Accomplie (1er accomplissement),18_REGISTRE_PROPHETIES_3.md,FICHE REPÉRÉE — qualité non entièrement réauditée,FICHES8_AMOS_2.html,Ancre/carte FICHES8 reliée au champ Registre,,
P442,Abdias 1-4,L'orgueil d'Édom ; de là je te précipiterai,Jugement sur Édom,Accomplie,18_REGISTRE_PROPHETIES_3.md,FICHE REPÉRÉE — qualité non entièrement réauditée,FICHES8_ABDIAS_1.html,Ancre/carte FICHES8 reliée au champ Registre,,
P443,Abdias 8-14,"Le jour de la calamité de Jacob : tu te tenais à l'écart, tu te réjouissais, tu livrais les rescapés","Psaume 137:7 ; Jérémie 49:17, 18 ; Lamentations 4:21, 22",Accomplie,18_REGISTRE_PROPHETIES_3.md,FICHE REPÉRÉE — qualité non entièrement réauditée,FICHES8_ABDIAS_1.html,Ancre/carte FICHES8 reliée au champ Registre,,
P444,"Abdias 15, 16","Le jour de Jéhovah sur toutes les nations ; comme tu as fait, il te sera fait",Jérémie 49 ; application universelle,Accomplie / À venir,18_REGISTRE_PROPHETIES_3.md,FICHE REPÉRÉE — qualité non entièrement réauditée,FICHES8_ABDIAS_1.html,Ancre/carte FICHES8 reliée au champ Registre,,
P445,Abdias 17-20,Sur le mont Sion il y aura des rescapés ; la maison de Jacob possédera son héritage,Retour de 537 av. n. è. ; Esdras 1:1-4,Accomplie (1er accomplissement),18_REGISTRE_PROPHETIES_3.md,FICHE REPÉRÉE — qualité non entièrement réauditée,FICHES8_ABDIAS_1.html,Ancre/carte FICHES8 reliée au champ Registre,,
P446,Abdias 21,Des libérateurs monteront sur le mont Sion ; le royaume sera à Jéhovah,Daniel 2:44 ; Révélation 11:15,À venir,18_REGISTRE_PROPHETIES_3.md,FICHE REPÉRÉE — qualité non entièrement réauditée,FICHES8_ABDIAS_1.html,Ancre/carte FICHES8 reliée au champ Registre,,
P447,"Jonas 1:2, 3","Lève-toi, va à Ninive et crie contre elle",Jonas 3:1-4,Accomplie (mission exécutée),18_REGISTRE_PROPHETIES_3.md,FICHE REPÉRÉE — qualité non entièrement réauditée,FICHES8_JONAS_1.html,Ancre/carte FICHES8 reliée au champ Registre,,
P448,Jonas 3:4,"Encore quarante jours, et Ninive sera renversée","Jonas 3:5-10 : les Ninivites se repentirent, la calamité fut écartée","Accomplie (délai écoulé sans ruine, après repentance)",18_REGISTRE_PROPHETIES_3.md,FICHE REPÉRÉE — qualité non entièrement réauditée,FICHES8_JONAS_1.html,Ancre/carte FICHES8 reliée au champ Registre,,
P449,"Jonas 4:2, 3, 10, 11","Je savais que tu es un Dieu miséricordieux, lent à la colère","Jonas 4:2, 10, 11",Accomplie,18_REGISTRE_PROPHETIES_3.md,FICHE REPÉRÉE — qualité non entièrement réauditée,FICHES8_JONAS_1.html,Ancre/carte FICHES8 reliée au champ Registre,,
P450,"Matthieu 12:39, 40 (signe de Jonas)",Le Fils de l'homme sera trois jours et trois nuits dans le cœur de la terre,"Matthieu 12:40 ; 16:4 ; Luc 11:29, 30",Accomplie,18_REGISTRE_PROPHETIES_3.md,FICHE REPÉRÉE — qualité non entièrement réauditée,FICHES8_JONAS_1.html,Ancre/carte FICHES8 reliée au champ Registre,,
P451,Michée 1:2-9,Samarie réduite à un tas de ruines ; les plaies atteignent la porte de Jérusalem,"2 Rois 17:5, 6 ; Michée 1:6, 9",Accomplie,18_REGISTRE_PROPHETIES_3.md,FICHE REPÉRÉE — qualité non entièrement réauditée,FICHES8_MICHEE_1.html,Ancre/carte FICHES8 reliée au champ Registre,,
P452,Michée 1:10-16,Ne l'annoncez pas à Gath ; les villes du Négev livrées ; l'exil de Juda,2 Rois 25:1-11,Accomplie,18_REGISTRE_PROPHETIES_3.md,FICHE REPÉRÉE — qualité non entièrement réauditée,FICHES8_MICHEE_1.html,Ancre/carte FICHES8 reliée au champ Registre,,
P453,Michée 2:1-13,Malheur à ceux qui complotent l'injustice ; je rassemblerai le reste de Jacob,"Michée 2:12, 13 ; retour de 537",Accomplie,18_REGISTRE_PROPHETIES_3.md,FICHE REPÉRÉE — qualité non entièrement réauditée,FICHES8_MICHEE_1.html,Ancre/carte FICHES8 reliée au champ Registre,,
P454,Michée 3:1-12,Sion sera labourée comme un champ ; la montagne de la maison deviendra des hauteurs boisées,2 Rois 25:8-10 ; Jérémie 26:18 (citation),Accomplie,18_REGISTRE_PROPHETIES_3.md,FICHE REPÉRÉE — qualité non entièrement réauditée,FICHES8_MICHEE_1.html,Ancre/carte FICHES8 reliée au champ Registre,,
P455,Michée 4:1-5,La montagne de la maison de Jéhovah élevée ; les épées transformées en socs,Michée 4:1-3 ; Isaïe 2:2-4 ; Actes 2:1-11,En cours,18_REGISTRE_PROPHETIES_3.md,FICHE REPÉRÉE — qualité non entièrement réauditée,FICHES8_MICHEE_1.html,Ancre/carte FICHES8 reliée au champ Registre,,
P456,Michée 4:6-13,Je rassemblerai la boiteuse ; je ferai de la boiteuse un reste,"Michée 4:6, 7 ; retour de l'exil",Accomplie,18_REGISTRE_PROPHETIES_3.md,FICHE REPÉRÉE — qualité non entièrement réauditée,FICHES8_MICHEE_1.html,Ancre/carte FICHES8 reliée au champ Registre,,
P457,Michée 5:2,"Et toi, Bethléhem, de toi sortira celui qui doit dominer sur Israël, dont l'origine remonte aux temps anciens",Matthieu 2:1-6 ; Luc 2:4-7,Accomplie,18_REGISTRE_PROPHETIES_3.md,FICHE REPÉRÉE — qualité non entièrement réauditée,FICHES8_MICHEE_2.html,Ancre/carte FICHES8 reliée au champ Registre,,
P458,Michée 5:4-8,Il se tiendra et paîtra avec la force de Jéhovah ; le reste de Jacob comme la rosée,"Michée 5:7, 8",Accomplie / À venir,18_REGISTRE_PROPHETIES_3.md,FICHE REPÉRÉE — qualité non entièrement réauditée,FICHES8_MICHEE_2.html,Ancre/carte FICHES8 reliée au champ Registre,,
P459,Michée 5:9-15,"Je retrancherai tes chevaux, tes villes fortifiées et tes idoles",Michée 5:10-14,Accomplie / À venir,18_REGISTRE_PROPHETIES_3.md,FICHE REPÉRÉE — qualité non entièrement réauditée,FICHES8_MICHEE_2.html,Ancre/carte FICHES8 reliée au champ Registre,,
P460,Michée 6:1-16,"Le procès de Jéhovah ; balances fausses, oppression, statues d'Omri : je te livrerai à la dévastation",Michée 6:13-16 ; 2 Rois 17:6,Accomplie,18_REGISTRE_PROPHETIES_3.md,FICHE REPÉRÉE — qualité non entièrement réauditée,FICHES8_MICHEE_2.html,Ancre/carte FICHES8 reliée au champ Registre,,
P461,Michée 7:1-7,"Le fils méprise le père, la fille se dresse contre la mère","Michée 7:5, 6 ; Matthieu 10:35, 36",Accomplie (citation),18_REGISTRE_PROPHETIES_3.md,FICHE REPÉRÉE — qualité non entièrement réauditée,FICHES8_MICHEE_2.html,Ancre/carte FICHES8 reliée au champ Registre,,
P462,Michée 7:8-20,Mon ennemie tombera ; les murs seront rebâtis ; il jettera nos péchés dans les profondeurs de la mer,"Michée 7:8-12, 18-20 ; retour de l'exil",Accomplie (1er accomplissement) / À venir,18_REGISTRE_PROPHETIES_3.md,FICHE REPÉRÉE — qualité non entièrement réauditée,FICHES8_MICHEE_2.html,Ancre/carte FICHES8 reliée au champ Registre,,
P463,Nahum 1:2-8,Vengeance contre ses adversaires ; avec un flot débordant il fera une extermination ; Ninive sa place,Chute de Ninive ; Nahum 1:8,Accomplie,18_REGISTRE_PROPHETIES_3.md,FICHE REPÉRÉE — qualité non entièrement réauditée,FICHES8_NAHOUM_1.html,Ancre/carte FICHES8 reliée au champ Registre,,
P464,Nahum 1:9-15,L'oppresseur ne se lèvera plus une deuxième fois ; voici sur les montagnes les pieds du porteur de bonnes nouvelles,Nahum 1:15 ; délivrance de Juda,Accomplie,18_REGISTRE_PROPHETIES_3.md,FICHE REPÉRÉE — qualité non entièrement réauditée,FICHES8_NAHOUM_1.html,Ancre/carte FICHES8 reliée au champ Registre,,
P465,Nahum 2:1-10,"Le bouclier rouge, les chars, les portes des fleuves s'ouvrent, le palais se fond",Chute de Ninive (632 av. n. è. selon la publication « Prophéties »),Accomplie,18_REGISTRE_PROPHETIES_3.md,FICHE REPÉRÉE — qualité non entièrement réauditée,FICHES8_NAHOUM_1.html,Ancre/carte FICHES8 reliée au champ Registre,,
P466,Nahum 2:11-13,"Où est le repaire des lions ? Je brûlerai tes chars, l'épée dévorera tes lionceaux",Nahum 2:13 ; destruction de la ville,Accomplie,18_REGISTRE_PROPHETIES_3.md,FICHE REPÉRÉE — qualité non entièrement réauditée,FICHES8_NAHOUM_1.html,Ancre/carte FICHES8 reliée au champ Registre,,
P467,Nahum 3:1-7,Malheur à la ville de sang ; je relèverai tes jupes sur ta face ; tous te verront,Nahum 3:5-7,Accomplie,18_REGISTRE_PROPHETIES_3.md,FICHE REPÉRÉE — qualité non entièrement réauditée,FICHES8_NAHOUM_2.html,Ancre/carte FICHES8 reliée au champ Registre,,
P468,Nahum 3:8-13,Es-tu meilleure que No-Amôn (Thèbes) ? Tes fortifications sont comme des figuiers précoces,Sac de Thèbes en 663 av. n. è. (date neutre) ; puis Ninive,Accomplie,18_REGISTRE_PROPHETIES_3.md,FICHE REPÉRÉE — qualité non entièrement réauditée,FICHES8_NAHOUM_2.html,Ancre/carte FICHES8 reliée au champ Registre,,
P469,Nahum 3:14-19,Puise de l'eau ; le feu te dévorera ; ta blessure est incurable ; tous applaudiront ta ruine,Chute de Ninive ; ville jamais relevée,Accomplie,18_REGISTRE_PROPHETIES_3.md,FICHE REPÉRÉE — qualité non entièrement réauditée,FICHES8_NAHOUM_2.html,Ancre/carte FICHES8 reliée au champ Registre,,
P470,Habacuc 1:5-11,"Je fais venir les Chaldéens, nation enragée ; ils se moquent des rois",2 Rois 24:1-4 ; 25:1-11,Accomplie,18_REGISTRE_PROPHETIES_3.md,FICHE REPÉRÉE — qualité non entièrement réauditée,FICHES8_HABACUC_1.html,Ancre/carte FICHES8 reliée au champ Registre,,
P471,Habacuc 1:12-17,Jusqu'à quand ? Le méchant avale un plus juste que lui,Habacuc 2:1-4 (réponse),Accomplie,18_REGISTRE_PROPHETIES_3.md,FICHE REPÉRÉE — qualité non entièrement réauditée,FICHES8_HABACUC_1.html,Ancre/carte FICHES8 reliée au champ Registre,,
P472,Habacuc 2:1-4,Écris la vision : elle s'accomplira sans faute ; le juste vivra par sa fidélité,"Hébreux 10:36-39 ; Habacuc 2:3, 4",Accomplie / En cours,18_REGISTRE_PROPHETIES_3.md,FICHE REPÉRÉE — qualité non entièrement réauditée,FICHES8_HABACUC_1.html,Ancre/carte FICHES8 reliée au champ Registre,,
P473,Habacuc 2:5-17,Malheur à qui amasse le butin d'autrui ; la pierre crie depuis la muraille,Renversement de Babylone en 539 av. n. è.,Accomplie,18_REGISTRE_PROPHETIES_3.md,FICHE REPÉRÉE — qualité non entièrement réauditée,FICHES8_HABACUC_1.html,Ancre/carte FICHES8 reliée au champ Registre,,
P474,Habacuc 2:18-20,Malheur à celui qui dit au bois : réveille-toi !,"Habacuc 2:19, 20",Accomplie / À venir,18_REGISTRE_PROPHETIES_3.md,FICHE REPÉRÉE — qualité non entièrement réauditée,FICHES8_HABACUC_2.html,Ancre/carte FICHES8 reliée au champ Registre,,
P475,Habacuc 3:1-19,Dieu vient de Théman ; les montagnes éternelles s'écroulent ; le soleil s'arrête,Application au jour de Jéhovah,À venir,18_REGISTRE_PROPHETIES_3.md,FICHE REPÉRÉE — qualité non entièrement réauditée,FICHES8_HABACUC_2.html,Ancre/carte FICHES8 reliée au champ Registre,,
P476,Sophonie 1:2-6,Je supprimerai tout de dessus la surface du sol ; ceux qui se détournent,"Sophonie 1:2, 3 ; 2 Rois 25",Accomplie / À venir,18_REGISTRE_PROPHETIES_3.md,FICHE REPÉRÉE — qualité non entièrement réauditée,FICHES8_SOPHONIE_1.html,Ancre/carte FICHES8 reliée au champ Registre,,
P477,Sophonie 1:7-13,Le jour de Jéhovah est proche ; je punirai les princes et ceux qui disent : il ne fera rien,"2 Rois 25:1-11 ; Sophonie 1:12, 13",Accomplie,18_REGISTRE_PROPHETIES_3.md,FICHE REPÉRÉE — qualité non entièrement réauditée,FICHES8_SOPHONIE_1.html,Ancre/carte FICHES8 reliée au champ Registre,,
P478,Sophonie 1:14-18,Un jour de détresse ; ni leur argent ni leur or ne pourront les délivrer,2 Rois 25:8-11 ; Sophonie 1:18,Accomplie / À venir,18_REGISTRE_PROPHETIES_3.md,FICHE REPÉRÉE — qualité non entièrement réauditée,FICHES8_SOPHONIE_1.html,Ancre/carte FICHES8 reliée au champ Registre,,
P479,Sophonie 2:1-3,Cherchez la justice ; peut-être serez-vous cachés au jour de la colère,Sophonie 2:3,Accomplie (invitation),18_REGISTRE_PROPHETIES_3.md,FICHE REPÉRÉE — qualité non entièrement réauditée,FICHES8_SOPHONIE_2.html,Ancre/carte FICHES8 reliée au champ Registre,,
P480,Sophonie 2:4-7,"Gaza abandonnée, Ashkelon dévastée, Ashdod chassée, Ékron déracinée",Prise d'Ashkelon et destruction d'Ékron en 604 av. n. è. (date neutre),Accomplie,18_REGISTRE_PROPHETIES_3.md,FICHE REPÉRÉE — qualité non entièrement réauditée,FICHES8_SOPHONIE_2.html,Ancre/carte FICHES8 reliée au champ Registre,,
P481,Sophonie 2:8-11,J'ai entendu l'outrage de Moab et les injures d'Ammon ; le reste de mon peuple les pillera,"Sophonie 2:9, 10",Accomplie,18_REGISTRE_PROPHETIES_3.md,FICHE REPÉRÉE — qualité non entièrement réauditée,FICHES8_SOPHONIE_2.html,Ancre/carte FICHES8 reliée au champ Registre,,
P482,Sophonie 2:12-15,"Ninive deviendra une solitude, une terre aride comme le désert ; les troupeaux s'y coucheront",Chute de Ninive ; ruines pâturées,Accomplie,18_REGISTRE_PROPHETIES_3.md,FICHE REPÉRÉE — qualité non entièrement réauditée,FICHES8_SOPHONIE_2.html,Ancre/carte FICHES8 reliée au champ Registre,,
P483,Sophonie 3:1-8,La ville rebelle ; mes princes sont des lions rugissants ; attendez-moi,Sophonie 3:8 ; 2 Rois 25,Accomplie,18_REGISTRE_PROPHETIES_3.md,FICHE REPÉRÉE — qualité non entièrement réauditée,FICHES8_SOPHONIE_3.html,Ancre/carte FICHES8 reliée au champ Registre,,
P484,Sophonie 3:9-20,Je donnerai aux peuples des lèvres pures ; je vous rassemblerai et vous rendrai un nom,"Sophonie 3:9, 19, 20 ; retour de 537 et achèvement annoncé",Accomplie (1er accomplissement) / À venir,18_REGISTRE_PROPHETIES_3.md,FICHE REPÉRÉE — qualité non entièrement réauditée,FICHES8_SOPHONIE_3.html,Ancre/carte FICHES8 reliée au champ Registre,,
P485,Aggée 1:2-11,"La maison est en ruines ; les cieux retiennent la rosée, la terre ses produits","Aggée 1:10, 11 ; Esdras 5:1, 2",Accomplie,18_REGISTRE_PROPHETIES_3.md,FICHE REPÉRÉE — qualité non entièrement réauditée,FICHES8_AGGEE_1.html,Ancre/carte FICHES8 reliée au champ Registre,,
P486,Aggée 1:12-15,"Je suis avec vous ; le gouverneur, le grand prêtre et le peuple vinrent travailler","Aggée 1:14, 15 ; Esdras 3:8 ; 5:2",Accomplie,18_REGISTRE_PROPHETIES_3.md,FICHE REPÉRÉE — qualité non entièrement réauditée,FICHES8_AGGEE_1.html,Ancre/carte FICHES8 reliée au champ Registre,,
P487,Aggée 2:1-9,La gloire de cette dernière maison sera plus grande que la première ; je donnerai la paix,Aggée 2:9 ; Esdras 6:14-16,Accomplie (1er accomplissement),18_REGISTRE_PROPHETIES_3.md,FICHE REPÉRÉE — qualité non entièrement réauditée,FICHES8_AGGEE_1.html,Ancre/carte FICHES8 reliée au champ Registre,,
P488,Aggée 2:10-19,Je vous bénirai à partir de ce jour,"Aggée 2:19 ; Esdras 6:14, 15",Accomplie,18_REGISTRE_PROPHETIES_3.md,FICHE REPÉRÉE — qualité non entièrement réauditée,FICHES8_AGGEE_1.html,Ancre/carte FICHES8 reliée au champ Registre,,
P489,Aggée 2:20-23,"Je te prendrai, Zorobabel, mon serviteur, et je te ferai comme un cachet","Aggée 2:23 ; lignée messianique (Matthieu 1:12, 13 ; Luc 3:27)",Accomplie (1er accomplissement),18_REGISTRE_PROPHETIES_3.md,FICHE REPÉRÉE — qualité non entièrement réauditée,FICHES8_AGGEE_1.html,Ancre/carte FICHES8 reliée au champ Registre,,
P490,Zacharie 1:2-6,"Revenez à moi ; vos pères, où sont-ils ? Les prophètes vivent-ils pour toujours ?",Zacharie 1:6 (ils sont revenus),Accomplie,18_REGISTRE_PROPHETIES_3.md,FICHE REPÉRÉE — qualité non entièrement réauditée,FICHES8_ZACHARIE_1.html,Ancre/carte FICHES8 reliée au champ Registre,,
P491,Zacharie 1:7-17,"Je suis revenu à Jérusalem avec miséricorde ; ma maison sera rebâtie, le cordeau sera tendu",Zacharie 1:16 ; Esdras 3:8-13 ; 6:14,Accomplie,18_REGISTRE_PROPHETIES_3.md,FICHE REPÉRÉE — qualité non entièrement réauditée,FICHES8_ZACHARIE_1.html,Ancre/carte FICHES8 reliée au champ Registre,,
P492,Zacharie 1:18-21,Les quatre cornes qui ont dispersé Juda ; quatre artisans viennent les abattre,"Zacharie 1:20, 21",Accomplie,18_REGISTRE_PROPHETIES_3.md,FICHE REPÉRÉE — qualité non entièrement réauditée,FICHES8_ZACHARIE_1.html,Ancre/carte FICHES8 reliée au champ Registre,,
P493,Zacharie 2:1-13,L'homme avec le cordeau à mesurer ; Jérusalem habitée comme une ville sans muraille,Zacharie 2:4-13 ; Néhémie 3-12,Accomplie,18_REGISTRE_PROPHETIES_3.md,FICHE REPÉRÉE — qualité non entièrement réauditée,FICHES8_ZACHARIE_1.html,Ancre/carte FICHES8 reliée au champ Registre,,
P494,Zacharie 3:1-10,"La saleté ôtée de Josué le grand prêtre ; voici le Germe, mon serviteur","Zacharie 3:8, 9 ; Esdras 5:1, 2 ; ligne messianique",Accomplie,18_REGISTRE_PROPHETIES_3.md,FICHE REPÉRÉE — qualité non entièrement réauditée,FICHES8_ZACHARIE_1.html,Ancre/carte FICHES8 reliée au champ Registre,,
P495,Zacharie 4:1-14,"Ni par puissance ni par force, mais par mon esprit ; les mains de Zorobabel achèveront","Zacharie 4:6-9, 14 ; Esdras 6:14, 15",Accomplie,18_REGISTRE_PROPHETIES_3.md,FICHE REPÉRÉE — qualité non entièrement réauditée,FICHES8_ZACHARIE_2.html,Ancre/carte FICHES8 reliée au champ Registre,,
P496,Zacharie 5:1-11,Le rouleau volant : le voleur et le parjure seront retranchés ; l'épha emportée à Shinéar,"Zacharie 5:4, 11",Accomplie,18_REGISTRE_PROPHETIES_3.md,FICHE REPÉRÉE — qualité non entièrement réauditée,FICHES8_ZACHARIE_2.html,Ancre/carte FICHES8 reliée au champ Registre,,
P497,Zacharie 6:1-8,Les quatre chars et les chevaux qui parcourent toute la terre,"Zacharie 6:7, 8",Accomplie,18_REGISTRE_PROPHETIES_3.md,FICHE REPÉRÉE — qualité non entièrement réauditée,FICHES8_ZACHARIE_2.html,Ancre/carte FICHES8 reliée au champ Registre,,
P498,Zacharie 6:9-15,Voici l'homme dont le nom est Germe : il bâtira le temple et deviendra roi-prêtre,"Zacharie 6:12, 13 ; Jésus, Roi-Prêtre (Hébreux 6:20 ; 7:1-3, 15-17)",Accomplie,18_REGISTRE_PROPHETIES_3.md,FICHE REPÉRÉE — qualité non entièrement réauditée,FICHES8_ZACHARIE_2.html,Ancre/carte FICHES8 reliée au champ Registre,,
P499,Zacharie 7:1-14,Je ne répondrai pas quand ils crieront ; je les disperserai parmi toutes les nations,"Zacharie 7:13, 14 ; dispersion",Accomplie,18_REGISTRE_PROPHETIES_3.md,FICHE REPÉRÉE — qualité non entièrement réauditée,FICHES8_ZACHARIE_3.html,Ancre/carte FICHES8 reliée au champ Registre,,
P500,Zacharie 8:1-17,Je reviendrai à Sion ; les vieillards et les enfants dans les rues ; parlez vérité et paix,"Zacharie 8:3-8, 16, 17 ; Esdras-Néhémie",Accomplie,18_REGISTRE_PROPHETIES_3.md,FICHE REPÉRÉE — qualité non entièrement réauditée,FICHES8_ZACHARIE_3.html,Ancre/carte FICHES8 reliée au champ Registre,,
P501,Zacharie 8:18-23,Les jeûnes deviendront des fêtes joyeuses ; dix hommes saisiront le pan du vêtement d'un Juif,"Zacharie 8:23 ; application spirituelle (Actes 2 ; Romains 2:28, 29)",Accomplie (1er accomplissement),18_REGISTRE_PROPHETIES_3.md,FICHE REPÉRÉE — qualité non entièrement réauditée,FICHES8_ZACHARIE_3.html,Ancre/carte FICHES8 reliée au champ Registre,,
P502,Zacharie 9:1-8,"Le fardeau sur Hadrac, Damas, Hamath ; Tyr et Sidon ; Gaza ; je camperai pour ma maison","Concordance avec la campagne d'Alexandre en Syrie, Phénicie et Philistie (Tyr, Gaza)",Accomplie,18_REGISTRE_PROPHETIES_3.md,FICHE REPÉRÉE — qualité non entièrement réauditée,FICHES8_ZACHARIE_3.html,Ancre/carte FICHES8 reliée au champ Registre,,
P503,Zacharie 9:9,"Voici ton roi qui vient à toi, humble, monté sur un âne","Matthieu 21:4, 5 ; Jean 12:14, 15",Accomplie,18_REGISTRE_PROPHETIES_3.md,FICHE REPÉRÉE — qualité non entièrement réauditée,FICHES8_ZACHARIE_3.html,Ancre/carte FICHES8 reliée au champ Registre,,
P504,Zacharie 9:10-17,Il retranchera le char de guerre ; sa domination ira d'une mer à l'autre ; par le sang de ton alliance,"Zacharie 9:10, 11 ; application messianique (Matthieu 21:5)",Accomplie / À venir,18_REGISTRE_PROPHETIES_3.md,FICHE REPÉRÉE — qualité non entièrement réauditée,FICHES8_ZACHARIE_3.html,Ancre/carte FICHES8 reliée au champ Registre,,
P505,Zacharie 10:1-12,Demandez la pluie ; je rassemblerai la maison de Juda ; ils reviendront d'Égypte et d'Assyrie,Zacharie 10:6-10,Accomplie (1er accomplissement),18_REGISTRE_PROPHETIES_3.md,FICHE REPÉRÉE — qualité non entièrement réauditée,FICHES8_ZACHARIE_3.html,Ancre/carte FICHES8 reliée au champ Registre,,
P506,Zacharie 11:4-11,Les trois bergers retranchés ; je brisai mon bâton nommé Grâce,"Zacharie 11:10, 11",Accomplie,18_REGISTRE_PROPHETIES_3.md,FICHE REPÉRÉE — qualité non entièrement réauditée,FICHES8_ZACHARIE_4.html,Ancre/carte FICHES8 reliée au champ Registre,,
P507,"Zacharie 11:12, 13","Trente pièces d'argent, le prix auquel j'ai été estimé ; jetées au potier dans la maison de Jéhovah",Matthieu 26:15 ; 27:3-10 (Matthieu 27:9 attribue le texte à Jérémie — point reconnu comme discuté),Accomplie,18_REGISTRE_PROPHETIES_3.md,FICHE REPÉRÉE — qualité non entièrement réauditée,FICHES8_ZACHARIE_4.html,Ancre/carte FICHES8 reliée au champ Registre,,
P508,Zacharie 12:1-9,"Jérusalem, coupe d'étourdissement ; les chefs comme des torches dans les gerbes",Zacharie 12:3-9,Accomplie / À venir,18_REGISTRE_PROPHETIES_3.md,FICHE REPÉRÉE — qualité non entièrement réauditée,FICHES8_ZACHARIE_4.html,Ancre/carte FICHES8 reliée au champ Registre,,
P509,Zacharie 12:10-14,Ils verront celui qu'ils ont transpercé et pleureront comme sur un fils unique,"Jean 19:34, 37 ; Révélation 1:7",Accomplie (1er accomplissement) / À venir,18_REGISTRE_PROPHETIES_3.md,FICHE REPÉRÉE — qualité non entièrement réauditée,FICHES8_ZACHARIE_4.html,Ancre/carte FICHES8 reliée au champ Registre,,
P510,Zacharie 13:1-9,Une source pour laver le péché ; frappe le berger et les brebis seront dispersées ; le tiers passera par le feu,Matthieu 26:31 ; Marc 14:27,Accomplie,18_REGISTRE_PROPHETIES_3.md,FICHE REPÉRÉE — qualité non entièrement réauditée,FICHES8_ZACHARIE_4.html,Ancre/carte FICHES8 reliée au champ Registre,,
P511,Zacharie 14:1-21,Le jour de Jéhovah ; ses pieds sur le mont des Oliviers ; Jéhovah deviendra roi sur toute la terre,Zacharie 14:9 ; Révélation 19:11-21 ; 21:3,À venir,18_REGISTRE_PROPHETIES_3.md,FICHE REPÉRÉE — qualité non entièrement réauditée,FICHES8_ZACHARIE_4.html,Ancre/carte FICHES8 reliée au champ Registre,,
P512,Malachie 1:2-5,"J'ai aimé Jacob, j'ai haï Ésaü ; parce qu'Édom dit : nous rebâtirons — ils bâtiront, je démolirai","Nabatéens établis au IVe s. av. n. è. ; Édom jamais rétabli (WOL, livre biblique n° 31)",Accomplie,18_REGISTRE_PROPHETIES_3.md,FICHE REPÉRÉE — qualité non entièrement réauditée,FICHES8_MALACHIE_1.html,Ancre/carte FICHES8 reliée au champ Registre,,
P513,Malachie 1:6-14,Vous méprisez mon nom ; vous offrez des animaux boiteux et malades,Malachie 1:8-14,Accomplie (déclaration),18_REGISTRE_PROPHETIES_3.md,FICHE REPÉRÉE — qualité non entièrement réauditée,FICHES8_MALACHIE_1.html,Ancre/carte FICHES8 reliée au champ Registre,,
P514,Malachie 2:1-9,L'alliance avec Lévi ; vous avez fait trébucher beaucoup dans la loi,"Malachie 2:8, 9",Accomplie (déclaration),18_REGISTRE_PROPHETIES_3.md,FICHE REPÉRÉE — qualité non entièrement réauditée,FICHES8_MALACHIE_1.html,Ancre/carte FICHES8 reliée au champ Registre,,
P515,Malachie 2:10-17,J'ai été témoin entre toi et la femme de ta jeunesse ; je hais le divorce,"Malachie 2:14, 16",Accomplie (déclaration),18_REGISTRE_PROPHETIES_3.md,FICHE REPÉRÉE — qualité non entièrement réauditée,FICHES8_MALACHIE_1.html,Ancre/carte FICHES8 reliée au champ Registre,,
P516,Malachie 3:1-6,"J'envoie mon messager qui préparera le chemin ; soudain il viendra à son temple, le messager de l'alliance","Matthieu 11:10 ; Marc 1:2, 3 ; Luc 1:76 ; 7:27",Accomplie,18_REGISTRE_PROPHETIES_3.md,FICHE REPÉRÉE — qualité non entièrement réauditée,FICHES8_MALACHIE_1.html,Ancre/carte FICHES8 reliée au champ Registre,,
P517,Malachie 3:7-12,Apportez les dîmes ; je verserai sur vous une bénédiction jusqu'à ce qu'il n'y ait plus de pénurie,Malachie 3:10,Accomplie (condition),18_REGISTRE_PROPHETIES_3.md,FICHE REPÉRÉE — qualité non entièrement réauditée,FICHES8_MALACHIE_1.html,Ancre/carte FICHES8 reliée au champ Registre,,
P518,Malachie 3:13-18,Un livre de souvenir est écrit devant lui pour ceux qui craignent Jéhovah,Malachie 3:16,En cours,18_REGISTRE_PROPHETIES_3.md,FICHE REPÉRÉE — qualité non entièrement réauditée,FICHES8_MALACHIE_1.html,Ancre/carte FICHES8 reliée au champ Registre,,
P519,Malachie 4:1-6,"Le jour vient, brûlant comme un four ; le soleil de justice se lèvera ; j'enverrai Élie le prophète avant le grand jour",Luc 1:17 ; Matthieu 11:14 ; 17:11-13 (Jean le Baptiste),Accomplie (1er accomplissement) / À venir,18_REGISTRE_PROPHETIES_3.md,FICHE REPÉRÉE — qualité non entièrement réauditée,FICHES8_MALACHIE_1.html,Ancre/carte FICHES8 reliée au champ Registre,,
P520,"Ruth 4:11, 12",Que Jéhovah fasse de cette femme comme Rachel et Léa ; que ta maison soit comme celle de Pérets,Ruth 4:13-17 ; lignée de David,Accomplie,18_REGISTRE_PROPHETIES_3.md,FICHE REPÉRÉE — qualité non entièrement réauditée,FICHES_W_MALACHIE-RUTH-PSAUMES.html,Fichier de lot et journal phase 9; revue fiche par fiche restant à faire,,
P521,Ruth 4:17-22,"Obed, père de Jessé, père de David","Matthieu 1:5, 6 ; Luc 3:31, 32",Accomplie,18_REGISTRE_PROPHETIES_3.md,FICHE REPÉRÉE — qualité non entièrement réauditée,FICHES_W_MALACHIE-RUTH-PSAUMES.html,Fichier de lot et journal phase 9; revue fiche par fiche restant à faire,,
P522,"1 Chroniques 22:9, 10",Un fils naîtra : Salomon ; il bâtira une maison à mon nom ; j'affermirai son trône pour toujours,"1 Rois 5:5 ; 6:1, 38 ; 2 Samuel 7:13",Accomplie,18_REGISTRE_PROPHETIES_3.md,FICHE REPÉRÉE — qualité non entièrement réauditée,FICHES_W_MALACHIE-RUTH-PSAUMES.html,Fichier de lot et journal phase 9; revue fiche par fiche restant à faire,,
P523,Psaume 2:1-6,"Les rois de la terre se massent contre Jéhovah et son oint ; moi, j'ai installé mon roi sur Sion",Actes 4:25-28,Accomplie,18_REGISTRE_PROPHETIES_3.md,FICHE REPÉRÉE — qualité non entièrement réauditée,FICHES_W_MALACHIE-RUTH-PSAUMES.html,Fichier de lot et journal phase 9; revue fiche par fiche restant à faire,,
P524,Psaume 2:7,"Tu es mon fils ; moi, aujourd'hui, je suis devenu ton père",Actes 13:33 ; Hébreux 1:5 ; 5:5,Accomplie,18_REGISTRE_PROPHETIES_3.md,FICHE REPÉRÉE — qualité non entièrement réauditée,FICHES_X_PSAUMES_2-22.html,Fichier de lot et journal phase 9; revue fiche par fiche restant à faire,,
P525,Psaume 2:8-12,"Demande-moi, je te donnerai les nations ; tu les briseras avec un sceptre de fer","Révélation 2:26, 27 ; 19:15",À venir,18_REGISTRE_PROPHETIES_3.md,FICHE REPÉRÉE — qualité non entièrement réauditée,FICHES_X_PSAUMES_2-22.html,Fichier de lot et journal phase 9; revue fiche par fiche restant à faire,,
P526,Psaume 8:4-8,Tu l'as fait un peu inférieur aux anges ; tout mis sous ses pieds,Hébreux 2:6-8 ; 1 Corinthiens 15:27,Accomplie,18_REGISTRE_PROPHETIES_3.md,FICHE REPÉRÉE — qualité non entièrement réauditée,FICHES_X_PSAUMES_2-22.html,Fichier de lot et journal phase 9; revue fiche par fiche restant à faire,,
P527,Psaume 16:8-11,Tu ne laisseras pas mon âme au Schéol ; ton fidèle ne verra pas la corruption,"Actes 2:25-32 ; 13:34, 35",Accomplie,18_REGISTRE_PROPHETIES_3.md,FICHE REPÉRÉE — qualité non entièrement réauditée,FICHES_X_PSAUMES_2-22.html,Fichier de lot et journal phase 9; revue fiche par fiche restant à faire,,
P528,Psaume 18:2-19,Il m'a tiré des eaux profondes ; il m'a délivré de mon ennemi fort,2 Samuel 22 (récit) ; application messianique,Accomplie (1er accomplissement),18_REGISTRE_PROPHETIES_3.md,FICHE REPÉRÉE — qualité non entièrement réauditée,FICHES_X_PSAUMES_2-22.html,Fichier de lot et journal phase 9; revue fiche par fiche restant à faire,,
P529,Psaume 22:1,"Mon Dieu, mon Dieu, pourquoi m'as-tu abandonné ?",Matthieu 27:46 ; Marc 15:34,Accomplie,18_REGISTRE_PROPHETIES_3.md,FICHE REPÉRÉE — qualité non entièrement réauditée,FICHES_X_PSAUMES_2-22.html,Fichier de lot et journal phase 9; revue fiche par fiche restant à faire,,
P530,Psaume 22:6-8,Méprisé du peuple ; ceux qui me voient se moquent : qu'il s'en remette à Jéhovah,Matthieu 27:39-43 ; Luc 23:35,Accomplie,18_REGISTRE_PROPHETIES_3.md,FICHE REPÉRÉE — qualité non entièrement réauditée,FICHES_Y_PSAUME22_ET31.html,Fichier de lot et journal phase 9; revue fiche par fiche restant à faire,,
P531,Psaume 22:14-16,Mes os se disloquent ; mes mains et mes pieds sont percés,"Jean 19:34, 37 ; 20:25, 27",Accomplie,18_REGISTRE_PROPHETIES_3.md,FICHE REPÉRÉE — qualité non entièrement réauditée,FICHES_Y_PSAUME22_ET31.html,Fichier de lot et journal phase 9; revue fiche par fiche restant à faire,,
P532,"Psaume 22:17, 18",Ils se partagent mes vêtements et tirent au sort ma robe,"Matthieu 27:35 ; Jean 19:23, 24",Accomplie,18_REGISTRE_PROPHETIES_3.md,FICHE REPÉRÉE — qualité non entièrement réauditée,FICHES_Y_PSAUME22_ET31.html,Fichier de lot et journal phase 9; revue fiche par fiche restant à faire,,
P533,Psaume 22:22-31,J'annoncerai ton nom à mes frères ; toutes les extrémités de la terre se souviendront,"Hébreux 2:11, 12",Accomplie,18_REGISTRE_PROPHETIES_3.md,FICHE REPÉRÉE — qualité non entièrement réauditée,FICHES_Y_PSAUME22_ET31.html,Fichier de lot et journal phase 9; revue fiche par fiche restant à faire,,
P534,Psaume 24:7-10,"Élevez vos têtes, portes ; le Roi de gloire entrera",Actes 1:9-11 (élévation du Roi),Accomplie,18_REGISTRE_PROPHETIES_3.md,FICHE REPÉRÉE — qualité non entièrement réauditée,FICHES_Y_PSAUME22_ET31.html,Fichier de lot et journal phase 9; revue fiche par fiche restant à faire,,
P535,"Psaume 31:5, 11-13",Entre tes mains je remets mon esprit ; je suis en butte à l'effroi de tous,Luc 23:46 ; Matthieu 26:56,Accomplie,18_REGISTRE_PROPHETIES_3.md,FICHE REPÉRÉE — qualité non entièrement réauditée,FICHES_Y_PSAUME22_ET31.html,Fichier de lot et journal phase 9; revue fiche par fiche restant à faire,,
P536,Psaume 34:20,Il garde tous ses os ; aucun d'eux n'est brisé,"Jean 19:33, 36",Accomplie,18_REGISTRE_PROPHETIES_3.md,FICHE REPÉRÉE — qualité non entièrement réauditée,FICHES_Z_PSAUMES_34-55.html,Fichier de lot et journal phase 9; revue fiche par fiche restant à faire,,
P537,Psaume 35:11-19,De faux témoins se lèvent ; ils me haïssent sans cause,Matthieu 26:59-61 ; Jean 15:25,Accomplie,18_REGISTRE_PROPHETIES_3.md,FICHE REPÉRÉE — qualité non entièrement réauditée,FICHES_Z_PSAUMES_34-55.html,Fichier de lot et journal phase 9; revue fiche par fiche restant à faire,,
P538,Psaume 40:6-8,"Sacrifice et offrande, tu n'en as pas voulu ; voici, je viens faire ta volonté",Hébreux 10:5-10,Accomplie,18_REGISTRE_PROPHETIES_3.md,FICHE REPÉRÉE — qualité non entièrement réauditée,FICHES_Z_PSAUMES_34-55.html,Fichier de lot et journal phase 9; revue fiche par fiche restant à faire,,
P539,Psaume 41:9,"L'homme avec qui j'étais en paix, qui mangeait mon pain, s'est élevé contre moi","Jean 13:18, 21, 26",Accomplie,18_REGISTRE_PROPHETIES_3.md,FICHE REPÉRÉE — qualité non entièrement réauditée,FICHES_Z_PSAUMES_34-55.html,Fichier de lot et journal phase 9; revue fiche par fiche restant à faire,,
P540,Psaume 45:2-7,Ton trône est pour toujours ; un sceptre de justice est le sceptre de ton royaume,"Hébreux 1:8, 9",Accomplie,18_REGISTRE_PROPHETIES_3.md,FICHE REPÉRÉE — qualité non entièrement réauditée,FICHES_Z_PSAUMES_34-55.html,Fichier de lot et journal phase 9; revue fiche par fiche restant à faire,,
P541,Psaume 55:12-14,"Ce n'est pas un ennemi qui m'outrage, mais toi, mon compagnon",Application à la trahison de Judas,Accomplie (1er accomplissement),18_REGISTRE_PROPHETIES_3.md,FICHE REPÉRÉE — qualité non entièrement réauditée,FICHES_Z_PSAUMES_34-55.html,Fichier de lot et journal phase 9; revue fiche par fiche restant à faire,,
P542,Psaume 68:18,"Tu es monté en haut, tu as emmené des captifs ; tu as donné des dons sous forme d'hommes",Éphésiens 4:8-11,Accomplie,18_REGISTRE_PROPHETIES_3.md,FICHE REPÉRÉE — qualité non entièrement réauditée,FICHES_AA_PSAUMES_68-72.html,Fichier de lot et journal phase 9; revue fiche par fiche restant à faire,,
P543,Psaume 69:4,Ceux qui me haïssent sans cause sont plus nombreux que les cheveux de ma tête,Jean 15:25,Accomplie,18_REGISTRE_PROPHETIES_3.md,FICHE REPÉRÉE — qualité non entièrement réauditée,FICHES_AA_PSAUMES_68-72.html,Fichier de lot et journal phase 9; revue fiche par fiche restant à faire,,
P544,Psaume 69:9,Le zèle pour ta maison m'a dévoré,Jean 2:17,Accomplie,18_REGISTRE_PROPHETIES_3.md,FICHE REPÉRÉE — qualité non entièrement réauditée,FICHES_AA_PSAUMES_68-72.html,Fichier de lot et journal phase 9; revue fiche par fiche restant à faire,,
P545,Psaume 69:21,"Pour nourriture ils m'ont donné du poison ; pour ma soif, du vinaigre","Matthieu 27:34, 48 ; Jean 19:29, 30",Accomplie,18_REGISTRE_PROPHETIES_3.md,FICHE REPÉRÉE — qualité non entièrement réauditée,FICHES_AA_PSAUMES_68-72.html,Fichier de lot et journal phase 9; revue fiche par fiche restant à faire,,
P546,Psaume 69:22-28,Que leur table devienne un piège ; qu'un autre prenne sa charge,Actes 1:20,Accomplie,18_REGISTRE_PROPHETIES_3.md,FICHE REPÉRÉE — qualité non entièrement réauditée,FICHES_AA_PSAUMES_68-72.html,Fichier de lot et journal phase 9; revue fiche par fiche restant à faire,,
P547,Psaume 72:1-20,Le roi juste délivrera le pauvre ; il dominera d'une mer à l'autre et jusqu'au fleuve ; on priera pour lui sans cesse,"1 Rois 4:20, 21, 25 (accomplissement initial) ; application au Messie",Accomplie (1er accomplissement),18_REGISTRE_PROPHETIES_3.md,FICHE REPÉRÉE — qualité non entièrement réauditée,FICHES_AA_PSAUMES_68-72.html,Fichier de lot et journal phase 9; revue fiche par fiche restant à faire,,
P548,Psaume 78:2,J'ouvrirai ma bouche en illustrations ; je publierai des choses cachées depuis la fondation,"Matthieu 13:34, 35",Accomplie,18_REGISTRE_PROPHETIES_3.md,FICHE REPÉRÉE — qualité non entièrement réauditée,FICHES_AB_PSAUMES_78-110.html,Fichier de lot et journal phase 9; revue fiche par fiche restant à faire,,
P549,"Psaume 89:3, 4, 35-37",L'alliance avec David sera ferme ; sa descendance durera pour toujours,"Luc 1:32, 33 ; Actes 2:30",Accomplie / À venir,18_REGISTRE_PROPHETIES_3.md,FICHE REPÉRÉE — qualité non entièrement réauditée,FICHES_AB_PSAUMES_78-110.html,Fichier de lot et journal phase 9; revue fiche par fiche restant à faire,,
P550,"Psaume 91:11, 12",Il donnera ordre à ses anges de te garder ; ils te porteront sur leurs mains,"Matthieu 4:6 ; Luc 4:10, 11 (cité)",Accomplie (citation),18_REGISTRE_PROPHETIES_3.md,FICHE REPÉRÉE — qualité non entièrement réauditée,FICHES_AB_PSAUMES_78-110.html,Fichier de lot et journal phase 9; revue fiche par fiche restant à faire,,
P551,Psaume 109:8,Qu'un autre prenne sa charge de surveillance,Actes 1:20,Accomplie,18_REGISTRE_PROPHETIES_3.md,FICHE REPÉRÉE — qualité non entièrement réauditée,FICHES_AB_PSAUMES_78-110.html,Fichier de lot et journal phase 9; revue fiche par fiche restant à faire,,
P552,Psaume 110:1,Assieds-toi à ma droite jusqu'à ce que je place tes ennemis comme un escabeau,"Matthieu 22:44 ; Actes 2:34, 35 ; Hébreux 1:13",Accomplie (début) / À venir,18_REGISTRE_PROPHETIES_3.md,FICHE REPÉRÉE — qualité non entièrement réauditée,FICHES_AB_PSAUMES_78-110.html,Fichier de lot et journal phase 9; revue fiche par fiche restant à faire,,
P553,"Psaume 110:2, 3",La verge de ta force : Jéhovah étendra ton sceptre depuis Sion,Application à la royauté du Christ,En cours,18_REGISTRE_PROPHETIES_3.md,FICHE REPÉRÉE — qualité non entièrement réauditée,FICHES_AB_PSAUMES_78-110.html,Fichier de lot et journal phase 9; revue fiche par fiche restant à faire,,
P554,Psaume 110:4,Tu es prêtre pour toujours à la manière de Melchisédek,"Hébreux 5:6, 10 ; 6:20 ; 7:17, 21",Accomplie,18_REGISTRE_PROPHETIES_3.md,FICHE REPÉRÉE — qualité non entièrement réauditée,FICHES_AC_PSAUMES_110-137.html,Fichier de lot et journal phase 9; revue fiche par fiche restant à faire,,
P555,Psaume 110:5-7,Il jugera parmi les nations ; il boira au torrent en chemin,Révélation 19:15 ; Daniel 2:44,À venir,18_REGISTRE_PROPHETIES_3.md,FICHE REPÉRÉE — qualité non entièrement réauditée,FICHES_AC_PSAUMES_110-137.html,Fichier de lot et journal phase 9; revue fiche par fiche restant à faire,,
P556,"Psaume 118:22, 23",La pierre que les bâtisseurs ont rejetée est devenue la tête de l'angle,Matthieu 21:42 ; Actes 4:11 ; 1 Pierre 2:7,Accomplie,18_REGISTRE_PROPHETIES_3.md,FICHE REPÉRÉE — qualité non entièrement réauditée,FICHES_AC_PSAUMES_110-137.html,Fichier de lot et journal phase 9; revue fiche par fiche restant à faire,,
P557,"Psaume 118:25, 26",Béni soit celui qui vient au nom de Jéhovah,Matthieu 21:9,Accomplie,18_REGISTRE_PROPHETIES_3.md,FICHE REPÉRÉE — qualité non entièrement réauditée,FICHES_AC_PSAUMES_110-137.html,Fichier de lot et journal phase 9; revue fiche par fiche restant à faire,,
P558,Psaume 132:11,"Du fruit de ton ventre, je mettrai sur ton trône",Actes 2:30 ; Luc 1:32,Accomplie,18_REGISTRE_PROPHETIES_3.md,FICHE REPÉRÉE — qualité non entièrement réauditée,FICHES_AC_PSAUMES_110-137.html,Fichier de lot et journal phase 9; revue fiche par fiche restant à faire,,
P559,Psaume 137:1-9,Sur les fleuves de Babylone nous pleurions ; comment chanterions-nous les chants de Sion en pays étranger ?,Exil de 607 à 537 av. n. è.,Accomplie (récit prophétique),18_REGISTRE_PROPHETIES_3.md,FICHE REPÉRÉE — qualité non entièrement réauditée,FICHES_AC_PSAUMES_110-137.html,Fichier de lot et journal phase 9; revue fiche par fiche restant à faire,,
P560,"Psaume 144:1, 2",Il entraîne mes mains au combat ; mon refuge et ma forteresse,Application au Roi établi par Dieu,Accomplie (1er accomplissement),18_REGISTRE_PROPHETIES_3.md,FICHE REPÉRÉE — qualité non entièrement réauditée,FICHES_AD_PSAUMES-JOB_144-42.html,Fichier de lot et journal phase 9; revue fiche par fiche restant à faire,,
P561,Psaume 145:13,Ton royaume est un royaume pour toutes les époques,Daniel 2:44 ; Révélation 11:15,Accomplie / À venir,18_REGISTRE_PROPHETIES_3.md,FICHE REPÉRÉE — qualité non entièrement réauditée,FICHES_AD_PSAUMES-JOB_144-42.html,Fichier de lot et journal phase 9; revue fiche par fiche restant à faire,,
P562,Psaume 146:3-10,Ne mettez pas votre confiance dans les nobles ; heureux celui qui a pour secours le Dieu de Jacob,"Révélation 21:3, 4",En cours / À venir,18_REGISTRE_PROPHETIES_3.md,FICHE REPÉRÉE — qualité non entièrement réauditée,FICHES_AD_PSAUMES-JOB_144-42.html,Fichier de lot et journal phase 9; revue fiche par fiche restant à faire,,
P563,Job 14:13-15,"Si tu me cachais dans le Schéol, tu te souviendrais de moi et tu m'appellerais","Jean 5:28, 29 ; Révélation 20:12, 13",À venir,18_REGISTRE_PROPHETIES_3.md,FICHE REPÉRÉE — qualité non entièrement réauditée,FICHES_AD_PSAUMES-JOB_144-42.html,Fichier de lot et journal phase 9; revue fiche par fiche restant à faire,,
P564,Job 19:25-27,Mon rédempteur est vivant ; de ma chair je verrai Dieu,"Espérance de la résurrection ; Jean 5:28, 29",À venir,18_REGISTRE_PROPHETIES_3.md,FICHE REPÉRÉE — qualité non entièrement réauditée,FICHES_AD_PSAUMES-JOB_144-42.html,Fichier de lot et journal phase 9; revue fiche par fiche restant à faire,,
P565,Job 42:7-9,Ma colère brûle contre Éliphaz ; offrez un holocauste et mon serviteur Job priera pour vous,"Job 42:9, 10",Accomplie (récit),18_REGISTRE_PROPHETIES_3.md,FICHE REPÉRÉE — qualité non entièrement réauditée,FICHES_AD_PSAUMES-JOB_144-42.html,Fichier de lot et journal phase 9; revue fiche par fiche restant à faire,,
P566,"Proverbes 3:11, 12",Ne méprise pas la discipline de Jéhovah ; il reprend celui qu'il aime,"Hébreux 12:5, 6",Accomplie (citation appliquée),18_REGISTRE_PROPHETIES_3.md,FICHE REPÉRÉE — qualité non entièrement réauditée,FICHES_AE_PROVERBES-ABRAHAM_3-22.html,Fichier de lot et journal phase 9; revue fiche par fiche restant à faire,,
P567,Proverbes 30:4,Qui est monté au ciel et en est descendu ? Qui a établi toutes les extrémités de la terre ?,Jean 3:13 (application),Accomplie (application),18_REGISTRE_PROPHETIES_3.md,FICHE REPÉRÉE — qualité non entièrement réauditée,FICHES_AE_PROVERBES-ABRAHAM_3-22.html,Fichier de lot et journal phase 9; revue fiche par fiche restant à faire,,
P568,"Ecclésiaste 12:13, 14",Crains le vrai Dieu et garde ses commandements ; il amènera toute œuvre en jugement,2 Corinthiens 5:10 ; Romains 14:12,À venir,18_REGISTRE_PROPHETIES_3.md,FICHE REPÉRÉE — qualité non entièrement réauditée,FICHES_AE_PROVERBES-ABRAHAM_3-22.html,Fichier de lot et journal phase 9; revue fiche par fiche restant à faire,,
P569,"Cantique des Cantiques 3:11 ; 6:9 ; 8:6, 7",Le chant des noces du roi ; l'amour fort comme la mort,Époux céleste et son épouse (Matthieu 22:2 ; Révélation 19:7-9 ; 21:2-4),À venir,18_REGISTRE_PROPHETIES_3.md,FICHE REPÉRÉE — qualité non entièrement réauditée,FICHES_AE_PROVERBES-ABRAHAM_3-22.html,Fichier de lot et journal phase 9; revue fiche par fiche restant à faire,,
P570,Genèse 3:15,La descendance de la femme meurtrit la tête du serpent,Galates 4:4 ; Romains 16:20 ; Révélation 12:9,Accomplie (1er accomplissement),19_REGISTRE_PROPHETIES_4.md,FICHE REPÉRÉE — qualité non entièrement réauditée,FICHES_AE_PROVERBES-ABRAHAM_3-22.html,Fichier de lot et journal phase 9; revue fiche par fiche restant à faire,,
P571,Genèse 12:3 ; 22:18,Toutes les familles de la terre se béniront grâce à sa descendance,"Actes 3:25,26 ; Galates 3:8,16",Accomplie,19_REGISTRE_PROPHETIES_4.md,FICHE REPÉRÉE — qualité non entièrement réauditée,FICHES_AE_PROVERBES-ABRAHAM_3-22.html,Fichier de lot et journal phase 9; revue fiche par fiche restant à faire,,
P572,Genèse 49:10,Le sceptre ne s'écartera pas de Juda,Luc 3:23-33 ; Hébreux 7:14,Accomplie,19_REGISTRE_PROPHETIES_4.md,FICHE REPÉRÉE — qualité non entièrement réauditée,FICHES_AF_ALLIANCE_DAVIDIQUE_P572-577.html,Fichier de lot et journal phase 9; revue fiche par fiche restant à faire,,
P573,Nombres 24:17,"Une étoile sortira de Jacob, un sceptre d'Israël","Matthieu 2:1,2 ; Révélation 22:16",Accomplie,19_REGISTRE_PROPHETIES_4.md,FICHE REPÉRÉE — qualité non entièrement réauditée,FICHES_AF_ALLIANCE_DAVIDIQUE_P572-577.html,Fichier de lot et journal phase 9; revue fiche par fiche restant à faire,,
P574,2 Samuel 7:12-16,Sa descendance : trône affermi pour toujours,"Luc 1:32,33 ; Actes 2:30",Accomplie,19_REGISTRE_PROPHETIES_4.md,FICHE REPÉRÉE — qualité non entièrement réauditée,FICHES_AF_ALLIANCE_DAVIDIQUE_P572-577.html,Fichier de lot et journal phase 9; revue fiche par fiche restant à faire,,
P575,1 Chroniques 17:14,Trône affermi dans la maison et le royaume pour toujours,"Luc 1:32,33 ; Matthieu 1:1",Accomplie,19_REGISTRE_PROPHETIES_4.md,FICHE REPÉRÉE — qualité non entièrement réauditée,FICHES_AF_ALLIANCE_DAVIDIQUE_P572-577.html,Fichier de lot et journal phase 9; revue fiche par fiche restant à faire,,
P576,"Psaume 89:3,4,35,36",Descendance affermie ; trône comme les jours du ciel,"Actes 13:22,23 ; Luc 1:32,33",Accomplie,19_REGISTRE_PROPHETIES_4.md,FICHE REPÉRÉE — qualité non entièrement réauditée,FICHES_AF_ALLIANCE_DAVIDIQUE_P572-577.html,Fichier de lot et journal phase 9; revue fiche par fiche restant à faire,,
P577,"Psaume 132:11,12","Du fruit de son ventre, mis sur le trône",Actes 2:30,Accomplie,19_REGISTRE_PROPHETIES_4.md,FICHE REPÉRÉE — qualité non entièrement réauditée,FICHES_AF_ALLIANCE_DAVIDIQUE_P572-577.html,Fichier de lot et journal phase 9; revue fiche par fiche restant à faire,,
P578,"Isaïe 9:6,7",Prince de paix ; trône de David affermi pour toujours,"Luc 1:32,33 ; Matthieu 1:1,6-17",Accomplie,19_REGISTRE_PROPHETIES_4.md,FICHE REPÉRÉE — qualité non entièrement réauditée,FICHES_AG_ROYAUTÉ_DAVIDIQUE_ESAÏE-EZEKIEL_P578-583.html,Fichier de lot et journal phase 9; revue fiche par fiche restant à faire,,
P579,"Isaïe 11:1,2,10",Rejeton sortira de la souche de Jessé ; l'esprit de Jéhovah reposera sur lui ; racine de Jessé : les nations le rechercheront,Matthieu 3:16 ; Romains 15:12,Accomplie,19_REGISTRE_PROPHETIES_4.md,FICHE REPÉRÉE — qualité non entièrement réauditée,FICHES_AG_ROYAUTÉ_DAVIDIQUE_ESAÏE-EZEKIEL_P578-583.html,Fichier de lot et journal phase 9; revue fiche par fiche restant à faire,,
P580,"Jérémie 23:5,6",Je susciterai à David un germe juste ; il régnera,"Luc 1:32,33 ; Jean 1:49",Accomplie,19_REGISTRE_PROPHETIES_4.md,FICHE REPÉRÉE — qualité non entièrement réauditée,FICHES_AG_ROYAUTÉ_DAVIDIQUE_ESAÏE-EZEKIEL_P578-583.html,Fichier de lot et journal phase 9; revue fiche par fiche restant à faire,,
P581,Jérémie 33:15-17,Germe de justice ; David ne manquera jamais d'homme sur le trône,"Luc 1:32,33",Accomplie,19_REGISTRE_PROPHETIES_4.md,FICHE REPÉRÉE — qualité non entièrement réauditée,FICHES_AG_ROYAUTÉ_DAVIDIQUE_ESAÏE-EZEKIEL_P578-583.html,Fichier de lot et journal phase 9; revue fiche par fiche restant à faire,,
P582,"Ézéchiel 34:23,24",Mon serviteur David : un seul berger,"Jean 10:11,14-16 ; Hébreux 13:20",Accomplie,19_REGISTRE_PROPHETIES_4.md,FICHE REPÉRÉE — qualité non entièrement réauditée,FICHES_AG_ROYAUTÉ_DAVIDIQUE_ESAÏE-EZEKIEL_P578-583.html,Fichier de lot et journal phase 9; revue fiche par fiche restant à faire,,
P583,"Ézéchiel 37:24,25",David mon serviteur sera leur chef pour toujours,Révélation 7:17 ; Jean 10:16,Accomplie ; accomplissement final À venir,19_REGISTRE_PROPHETIES_4.md,FICHE REPÉRÉE — qualité non entièrement réauditée,FICHES_AG_ROYAUTÉ_DAVIDIQUE_ESAÏE-EZEKIEL_P578-583.html,Fichier de lot et journal phase 9; revue fiche par fiche restant à faire,,
P584,"Daniel 7:13,14","Un fils d'homme reçoit domination, gloire et royaume durables",Luc 1:33 ; Matthieu 28:18 ; Actes 2:34-36,Accomplie (1er accomplissement),19_REGISTRE_PROPHETIES_4.md,FICHE REPÉRÉE — qualité non entièrement réauditée,FICHES_MESSIANIQUES_DANIEL-MICHEE_P584-589.html,Fichier de lot et journal phase 9; revue fiche par fiche restant à faire,,
P585,Michée 5:2,Son origine remonte aux temps anciens,"Jean 1:1,2 ; Colossiens 1:15-17",Accomplie,19_REGISTRE_PROPHETIES_4.md,FICHE REPÉRÉE — qualité non entièrement réauditée,FICHES_MESSIANIQUES_DANIEL-MICHEE_P584-589.html,Fichier de lot et journal phase 9; revue fiche par fiche restant à faire,,
P586,Aggée 2:23,Zorobabel : je te ferai comme un cachet,"Matthieu 1:12,13",Accomplie (type),19_REGISTRE_PROPHETIES_4.md,FICHE REPÉRÉE — qualité non entièrement réauditée,FICHES_MESSIANIQUES_DANIEL-MICHEE_P584-589.html,Fichier de lot et journal phase 9; revue fiche par fiche restant à faire,,
P587,"Zacharie 6:12,13",Voici l'homme dont le nom est Germe : il bâtira le temple et sera prêtre sur son trône,"Éphésiens 2:20-22 ; Hébreux 8:1,2 ; 1 Pierre 2:5",Accomplie,19_REGISTRE_PROPHETIES_4.md,FICHE REPÉRÉE — qualité non entièrement réauditée,FICHES_MESSIANIQUES_DANIEL-MICHEE_P584-589.html,Fichier de lot et journal phase 9; revue fiche par fiche restant à faire,,
P588,Isaïe 7:14,La vierge enfantera un fils : Emmanuël,Matthieu 1:18-25,Accomplie,19_REGISTRE_PROPHETIES_4.md,FICHE REPÉRÉE — qualité non entièrement réauditée,FICHES_MESSIANIQUES_DANIEL-MICHEE_P584-589.html,Fichier de lot et journal phase 9; revue fiche par fiche restant à faire,,
P589,Michée 5:2,"Toi, Bethléhem Éphratha, de toi sortira celui qui doit dominer en Israël",Matthieu 2:1-6 ; Luc 2:1-6,Accomplie,19_REGISTRE_PROPHETIES_4.md,FICHE REPÉRÉE — qualité non entièrement réauditée,FICHES_MESSIANIQUES_DANIEL-MICHEE_P584-589.html,Fichier de lot et journal phase 9; revue fiche par fiche restant à faire,,
P590,Jérémie 31:15,"Rachel pleure ses fils, refuse d'être consolée",Matthieu 2:16-18,Accomplie,19_REGISTRE_PROPHETIES_4.md,FICHE REPÉRÉE — qualité non entièrement réauditée,FICHES_PRECURSEURS_ET_MESSIE_P590-595.html,Fichier de lot et journal phase 9; revue fiche par fiche restant à faire,,
P591,Osée 11:1,D'Égypte j'ai appelé mon fils,"Matthieu 2:13-15,19,20",Accomplie,19_REGISTRE_PROPHETIES_4.md,FICHE REPÉRÉE — qualité non entièrement réauditée,FICHES_PRECURSEURS_ET_MESSIE_P590-595.html,Fichier de lot et journal phase 9; revue fiche par fiche restant à faire,,
P592,Isaïe 40:3,Une voix crie dans le désert : préparez le chemin de Jéhovah,Matthieu 3:1-3 ; Jean 1:23,Accomplie,19_REGISTRE_PROPHETIES_4.md,FICHE REPÉRÉE — qualité non entièrement réauditée,FICHES_PRECURSEURS_ET_MESSIE_P590-595.html,Fichier de lot et journal phase 9; revue fiche par fiche restant à faire,,
P593,Malachie 3:1,J'envoie mon messager qui préparera le chemin devant moi,Matthieu 11:10 ; Marc 1:2 ; Luc 7:27,Accomplie,19_REGISTRE_PROPHETIES_4.md,FICHE REPÉRÉE — qualité non entièrement réauditée,FICHES_PRECURSEURS_ET_MESSIE_P590-595.html,Fichier de lot et journal phase 9; revue fiche par fiche restant à faire,,
P594,"Malachie 4:5,6",J'enverrai Élie le prophète avant le grand et redoutable jour de Jéhovah,Matthieu 11:14 ; Luc 1:17,Accomplie (1er accomplissement),19_REGISTRE_PROPHETIES_4.md,FICHE REPÉRÉE — qualité non entièrement réauditée,FICHES_PRECURSEURS_ET_MESSIE_P590-595.html,Fichier de lot et journal phase 9; revue fiche par fiche restant à faire,,
P595,Daniel 9:25,Depuis la sortie de la parole pour rétablir et rebâtir Jérusalem jusqu'à Messie le Guide : sept semaines et soixante-deux semaines (483 ans depuis 455 av. n. è.),"Luc 3:1,21,22 — automne 29 de n. è.",Accomplie,19_REGISTRE_PROPHETIES_4.md,FICHE REPÉRÉE — qualité non entièrement réauditée,FICHES_PRECURSEURS_ET_MESSIE_P590-595.html,Fichier de lot et journal phase 9; revue fiche par fiche restant à faire,,
P596,"Isaïe 61:1,2","L'esprit du Souverain Seigneur Jéhovah est sur moi ; il m'a envoyé annoncer la bonne nouvelle, proclamer la liberté aux captifs, le jour de la vengeance de notre Dieu",Luc 4:17-21,Accomplie ; accomplissement final À venir,19_REGISTRE_PROPHETIES_4.md,FICHE REPÉRÉE — qualité non entièrement réauditée,FICHES_MINISTERE_ET_ROYAUTE_P596-601.html,Fichier de lot et journal phase 9; revue fiche par fiche restant à faire,,
P597,"Isaïe 9:1,2","Le peuple qui marchait dans les ténèbres verra une grande lumière : le pays de Zabulon et de Nephtali, la route de la mer",Matthieu 4:13-17,Accomplie,19_REGISTRE_PROPHETIES_4.md,FICHE REPÉRÉE — qualité non entièrement réauditée,FICHES_MINISTERE_ET_ROYAUTE_P596-601.html,Fichier de lot et journal phase 9; revue fiche par fiche restant à faire,,
P598,Isaïe 42:1-4,"Mon serviteur : il ne criera pas, il ne lèvera pas la voix dans les rues ; il ne brisera pas le roseau écrasé",Matthieu 12:16-21,Accomplie,19_REGISTRE_PROPHETIES_4.md,FICHE REPÉRÉE — qualité non entièrement réauditée,FICHES_MINISTERE_ET_ROYAUTE_P596-601.html,Fichier de lot et journal phase 9; revue fiche par fiche restant à faire,,
P599,Psaume 2:7,"Tu es mon fils ; moi, aujourd'hui, je suis devenu ton père",Matthieu 3:17 ; Actes 13:33 ; Hébreux 5:5,Accomplie,19_REGISTRE_PROPHETIES_4.md,FICHE REPÉRÉE — qualité non entièrement réauditée,FICHES_MINISTERE_ET_ROYAUTE_P596-601.html,Fichier de lot et journal phase 9; revue fiche par fiche restant à faire,,
P600,Isaïe 28:16,"Je pose en Sion une pierre de fondement éprouvée, précieuse, de fondement solide",1 Pierre 2:6 ; Éphésiens 2:20,Accomplie,19_REGISTRE_PROPHETIES_4.md,FICHE REPÉRÉE — qualité non entièrement réauditée,FICHES_MINISTERE_ET_ROYAUTE_P596-601.html,Fichier de lot et journal phase 9; revue fiche par fiche restant à faire,,
P601,Psaume 78:2,J'ouvrirai ma bouche par des illustrations,"Matthieu 13:34,35",Accomplie,19_REGISTRE_PROPHETIES_4.md,FICHE REPÉRÉE — qualité non entièrement réauditée,FICHES_MINISTERE_ET_ROYAUTE_P596-601.html,Fichier de lot et journal phase 9; revue fiche par fiche restant à faire,,
P602,"Isaïe 6:9,10",Vous entendrez mais ne comprendrez pas ; le cœur de ce peuple s'est engraissé,"Matthieu 13:13-15 ; Jean 12:40 ; Actes 28:26,27",Accomplie,19_REGISTRE_PROPHETIES_4.md,FICHE REPÉRÉE — qualité non entièrement réauditée,FICHES_SIGNES_ET_REJET_P602-607.html,Fichier de lot et journal phase 9; revue fiche par fiche restant à faire,,
P603,Isaïe 53:4,Il a porté nos maladies et s'est chargé de nos douleurs,"Matthieu 8:16,17",Accomplie,19_REGISTRE_PROPHETIES_4.md,FICHE REPÉRÉE — qualité non entièrement réauditée,FICHES_SIGNES_ET_REJET_P602-607.html,Fichier de lot et journal phase 9; revue fiche par fiche restant à faire,,
P604,"Isaïe 35:5,6","Les yeux des aveugles s'ouvriront, les oreilles des sourds se déboucheront, le boiteux sautera","Matthieu 11:4,5 ; Luc 7:22",Accomplie,19_REGISTRE_PROPHETIES_4.md,FICHE REPÉRÉE — qualité non entièrement réauditée,FICHES_SIGNES_ET_REJET_P602-607.html,Fichier de lot et journal phase 9; revue fiche par fiche restant à faire,,
P605,Isaïe 61:1,Il m'a envoyé annoncer la bonne nouvelle aux humbles,Luc 7:22,Accomplie,19_REGISTRE_PROPHETIES_4.md,FICHE REPÉRÉE — qualité non entièrement réauditée,FICHES_SIGNES_ET_REJET_P602-607.html,Fichier de lot et journal phase 9; revue fiche par fiche restant à faire,,
P606,Psaume 69:9,Le zèle pour ta maison m'a dévoré,Jean 2:13-17,Accomplie,19_REGISTRE_PROPHETIES_4.md,FICHE REPÉRÉE — qualité non entièrement réauditée,FICHES_SIGNES_ET_REJET_P602-607.html,Fichier de lot et journal phase 9; revue fiche par fiche restant à faire,,
P607,"Psaume 118:22,23",La pierre que les bâtisseurs ont rejetée est devenue la tête de l'angle,Matthieu 21:42-44 ; Actes 4:11 ; 1 Pierre 2:7,Accomplie,19_REGISTRE_PROPHETIES_4.md,FICHE REPÉRÉE — qualité non entièrement réauditée,FICHES_SIGNES_ET_REJET_P602-607.html,Fichier de lot et journal phase 9; revue fiche par fiche restant à faire,,
P608,Psaume 110:1,Assieds-toi à ma droite jusqu'à ce que je place tes ennemis sous tes pieds,"Matthieu 22:41-45 ; Actes 2:34,35 ; Hébreux 1:13",Accomplie,19_REGISTRE_PROPHETIES_4.md,FICHE REPÉRÉE — qualité non entièrement réauditée,FICHES_ROYAUTE_PRETRISE_MESSIE_P608-613.html,Fichier de lot et journal phase 9; revue fiche par fiche restant à faire,,
P609,Psaume 110:4,Tu es prêtre pour toujours à la manière de Melchisédek,"Hébreux 5:5,6,10 ; 7:15-17",Accomplie,19_REGISTRE_PROPHETIES_4.md,FICHE REPÉRÉE — qualité non entièrement réauditée,FICHES_ROYAUTE_PRETRISE_MESSIE_P608-613.html,Fichier de lot et journal phase 9; revue fiche par fiche restant à faire,,
P610,Psaume 8:5-8,Tu l'as fait un peu inférieur aux anges ; toutes choses sous ses pieds,Hébreux 2:6-9 ; 1 Corinthiens 15:27,Accomplie,19_REGISTRE_PROPHETIES_4.md,FICHE REPÉRÉE — qualité non entièrement réauditée,FICHES_ROYAUTE_PRETRISE_MESSIE_P608-613.html,Fichier de lot et journal phase 9; revue fiche par fiche restant à faire,,
P611,"Psaume 2:1,2",Les rois de la terre se massent et les chefs se rassemblent contre Jéhovah et contre son oint,Actes 4:25-28,Accomplie,19_REGISTRE_PROPHETIES_4.md,FICHE REPÉRÉE — qualité non entièrement réauditée,FICHES_ROYAUTE_PRETRISE_MESSIE_P608-613.html,Fichier de lot et journal phase 9; revue fiche par fiche restant à faire,,
P612,"Isaïe 42:6,7","Je t'ai donné pour alliance du peuple et lumière des nations : ouvrir les yeux des aveugles, faire sortir les prisonniers",Luc 2:32 ; Actes 13:47 ; 26:18,Accomplie,19_REGISTRE_PROPHETIES_4.md,FICHE REPÉRÉE — qualité non entièrement réauditée,FICHES_ROYAUTE_PRETRISE_MESSIE_P608-613.html,Fichier de lot et journal phase 9; revue fiche par fiche restant à faire,,
P613,Psaume 41:9,"L'homme avec qui j'étais en paix, qui mangeait mon pain, a levé le talon contre moi","Jean 13:18,21-27",Accomplie,19_REGISTRE_PROPHETIES_4.md,FICHE REPÉRÉE — qualité non entièrement réauditée,FICHES_ROYAUTE_PRETRISE_MESSIE_P608-613.html,Fichier de lot et journal phase 9; revue fiche par fiche restant à faire,,
P614,Zacharie 11:12,Ils ont pesé mon salaire : trente pièces d'argent,"Matthieu 26:14,15",Accomplie,19_REGISTRE_PROPHETIES_4.md,FICHE REPÉRÉE — qualité non entièrement réauditée,FICHES_TRAHISON_PROCES_P614-619.html,Fichier de lot et journal phase 9; revue fiche par fiche restant à faire,,
P615,Zacharie 11:13,"Je les ai jetées dans la maison de Jéhovah, au potier",Matthieu 27:3-10 (Matthieu 27:9 l'attribue à Jérémie),Accomplie,19_REGISTRE_PROPHETIES_4.md,FICHE REPÉRÉE — qualité non entièrement réauditée,FICHES_TRAHISON_PROCES_P614-619.html,Fichier de lot et journal phase 9; revue fiche par fiche restant à faire,,
P616,Psaume 55:12-14,"Ce n'est pas un ennemi qui m'outrage, mais toi, un compagnon, mon intime ami",Matthieu 26:47-50 ; Jean 13:18,Accomplie,19_REGISTRE_PROPHETIES_4.md,FICHE REPÉRÉE — qualité non entièrement réauditée,FICHES_TRAHISON_PROCES_P614-619.html,Fichier de lot et journal phase 9; revue fiche par fiche restant à faire,,
P617,Psaume 109:8,Qu'un autre prenne sa charge de surveillance,Actes 1:15-20,Accomplie,19_REGISTRE_PROPHETIES_4.md,FICHE REPÉRÉE — qualité non entièrement réauditée,FICHES_TRAHISON_PROCES_P614-619.html,Fichier de lot et journal phase 9; revue fiche par fiche restant à faire,,
P618,Isaïe 53:7,"Comme une brebis devant ses tondeurs, il n'a pas ouvert la bouche","Matthieu 27:12-14 ; Actes 8:32,33",Accomplie,19_REGISTRE_PROPHETIES_4.md,FICHE REPÉRÉE — qualité non entièrement réauditée,FICHES_TRAHISON_PROCES_P614-619.html,Fichier de lot et journal phase 9; revue fiche par fiche restant à faire,,
P619,Psaume 35:11,Des témoins violents se lèvent ; ils me questionnent sur ce que je ne sais pas,Matthieu 26:59-61 ; Marc 14:55-59,Accomplie,19_REGISTRE_PROPHETIES_4.md,FICHE REPÉRÉE — qualité non entièrement réauditée,FICHES_TRAHISON_PROCES_P614-619.html,Fichier de lot et journal phase 9; revue fiche par fiche restant à faire,,
P620,Psaume 27:12,De faux témoins se lèvent contre moi,Matthieu 26:59-61,Accomplie,19_REGISTRE_PROPHETIES_4.md,FICHE REPÉRÉE — qualité non entièrement réauditée,FICHES_PROCES_ET_SERVITEUR_P620-625.html,Fichier de lot et journal phase 9; revue fiche par fiche restant à faire,,
P621,Psaume 35:19 ; 69:4,Ils me haïssent sans cause,Jean 15:23-25,Accomplie,19_REGISTRE_PROPHETIES_4.md,FICHE REPÉRÉE — qualité non entièrement réauditée,FICHES_PROCES_ET_SERVITEUR_P620-625.html,Fichier de lot et journal phase 9; revue fiche par fiche restant à faire,,
P622,Zacharie 13:7,"Frappe le berger, et les brebis seront dispersées","Matthieu 26:31,56 ; Marc 14:27",Accomplie,19_REGISTRE_PROPHETIES_4.md,FICHE REPÉRÉE — qualité non entièrement réauditée,FICHES_PROCES_ET_SERVITEUR_P620-625.html,Fichier de lot et journal phase 9; revue fiche par fiche restant à faire,,
P623,Isaïe 50:6,"J'ai livré mon dos à ceux qui frappent, mes joues à ceux qui arrachent la barbe ; je n'ai pas caché mon visage des crachats","Matthieu 26:67 ; 27:26,30",Accomplie,19_REGISTRE_PROPHETIES_4.md,FICHE REPÉRÉE — qualité non entièrement réauditée,FICHES_PROCES_ET_SERVITEUR_P620-625.html,Fichier de lot et journal phase 9; revue fiche par fiche restant à faire,,
P624,Isaïe 53:3,"Méprisé, abandonné des hommes, homme de douleur",Jean 1:11 ; 8:48 ; Matthieu 26:67,Accomplie,19_REGISTRE_PROPHETIES_4.md,FICHE REPÉRÉE — qualité non entièrement réauditée,FICHES_PROCES_ET_SERVITEUR_P620-625.html,Fichier de lot et journal phase 9; revue fiche par fiche restant à faire,,
P625,"Isaïe 53:5,6",Il a été percé pour nos transgressions ; Jéhovah a fait tomber sur lui la faute de nous tous,"Romains 4:25 ; 1 Pierre 2:24,25",Accomplie,19_REGISTRE_PROPHETIES_4.md,FICHE REPÉRÉE — qualité non entièrement réauditée,FICHES_PROCES_ET_SERVITEUR_P620-625.html,Fichier de lot et journal phase 9; revue fiche par fiche restant à faire,,
P626,Isaïe 53:12,Il a été mis au nombre des transgresseurs et il a intercédé pour les transgresseurs,Luc 22:37 ; 23:32-34,Accomplie,19_REGISTRE_PROPHETIES_4.md,FICHE REPÉRÉE — qualité non entièrement réauditée,FICHES_MORT_ET_ENSEVELISSEMENT_P626-631.html,Fichier de lot et journal phase 9; revue fiche par fiche restant à faire,,
P627,Isaïe 53:9,On lui a assigné une tombe auprès des méchants et auprès des riches dans sa mort,"Matthieu 27:38,57-60 ; Jean 19:38-42",Accomplie,19_REGISTRE_PROPHETIES_4.md,FICHE REPÉRÉE — qualité non entièrement réauditée,FICHES_MORT_ET_ENSEVELISSEMENT_P626-631.html,Fichier de lot et journal phase 9; revue fiche par fiche restant à faire,,
P628,Deutéronome 21:23,Maudit est celui qui est pendu au bois,Galates 3:13 ; Actes 5:30,Accomplie,19_REGISTRE_PROPHETIES_4.md,FICHE REPÉRÉE — qualité non entièrement réauditée,FICHES_MORT_ET_ENSEVELISSEMENT_P626-631.html,Fichier de lot et journal phase 9; revue fiche par fiche restant à faire,,
P629,Exode 12:46 ; Nombres 9:12,Aucun os de l'agneau pascal ne sera brisé,Jean 19:31-36 ; 1 Corinthiens 5:7,Accomplie,19_REGISTRE_PROPHETIES_4.md,FICHE REPÉRÉE — qualité non entièrement réauditée,FICHES_MORT_ET_ENSEVELISSEMENT_P626-631.html,Fichier de lot et journal phase 9; revue fiche par fiche restant à faire,,
P630,Psaume 22:1,"Mon Dieu, mon Dieu, pourquoi m'as-tu abandonné ?",Matthieu 27:46 ; Marc 15:34,Accomplie,19_REGISTRE_PROPHETIES_4.md,FICHE REPÉRÉE — qualité non entièrement réauditée,FICHES_MORT_ET_ENSEVELISSEMENT_P626-631.html,Fichier de lot et journal phase 9; revue fiche par fiche restant à faire,,
P631,"Psaume 22:7,8","Tous ceux qui me voient me raillent ; ils ricanent, ils hochent la tête : il s'est appuyé sur Jéhovah, qu'Il le délivre",Matthieu 27:39-43,Accomplie,19_REGISTRE_PROPHETIES_4.md,FICHE REPÉRÉE — qualité non entièrement réauditée,FICHES_MORT_ET_ENSEVELISSEMENT_P626-631.html,Fichier de lot et journal phase 9; revue fiche par fiche restant à faire,,
P632,Psaume 22:15,Ma force s'est desséchée comme un tesson ; ma langue colle à mes gencives,Jean 19:28,Accomplie,19_REGISTRE_PROPHETIES_4.md,FICHE REPÉRÉE — qualité non entièrement réauditée,FICHES_DERNIERS_DETAILS_PASSION_P632-637.html,Fichier de lot et journal phase 9; revue fiche par fiche restant à faire,,
P633,Psaume 22:16,Ils ont percé mes mains et mes pieds,"Jean 19:18,23,37 ; 20:25-27",Accomplie,19_REGISTRE_PROPHETIES_4.md,FICHE REPÉRÉE — qualité non entièrement réauditée,FICHES_DERNIERS_DETAILS_PASSION_P632-637.html,Fichier de lot et journal phase 9; revue fiche par fiche restant à faire,,
P634,Psaume 22:18,Ils se partagent mes vêtements et tirent au sort ma robe,"Jean 19:23,24",Accomplie,19_REGISTRE_PROPHETIES_4.md,FICHE REPÉRÉE — qualité non entièrement réauditée,FICHES_DERNIERS_DETAILS_PASSION_P632-637.html,Fichier de lot et journal phase 9; revue fiche par fiche restant à faire,,
P635,Psaume 69:21,Pour nourriture ils m'ont donné du poison ; pour ma soif ils m'ont donné du vinaigre,"Matthieu 27:34,48 ; Jean 19:29,30",Accomplie,19_REGISTRE_PROPHETIES_4.md,FICHE REPÉRÉE — qualité non entièrement réauditée,FICHES_DERNIERS_DETAILS_PASSION_P632-637.html,Fichier de lot et journal phase 9; revue fiche par fiche restant à faire,,
P636,Psaume 34:20,Il garde tous ses os ; aucun d'eux n'est brisé,"Jean 19:33,36",Accomplie,19_REGISTRE_PROPHETIES_4.md,FICHE REPÉRÉE — qualité non entièrement réauditée,FICHES_DERNIERS_DETAILS_PASSION_P632-637.html,Fichier de lot et journal phase 9; revue fiche par fiche restant à faire,,
P637,Psaume 109:25,Ceux qui me regardent hochent la tête,Matthieu 27:39,Accomplie,19_REGISTRE_PROPHETIES_4.md,FICHE REPÉRÉE — qualité non entièrement réauditée,FICHES_DERNIERS_DETAILS_PASSION_P632-637.html,Fichier de lot et journal phase 9; revue fiche par fiche restant à faire,,
P638,Zacharie 12:10,Ils verront celui qu'ils ont transpercé et pleureront comme sur un fils unique,"Jean 19:34,37 ; Révélation 1:7",Accomplie (1er accomplissement) ; application finale À venir,19_REGISTRE_PROPHETIES_4.md,FICHE REPÉRÉE — qualité non entièrement réauditée,FICHES_MESSIE_ET_SEMAINES_DANIEL_P638-641.html,Fichier de lot et journal phase 9; revue fiche par fiche restant à faire,,
P639,Daniel 9:26,"Messie le Guide sera retranché, sans rien pour lui",Matthieu 27:50 ; Hébreux 9:26,Accomplie,19_REGISTRE_PROPHETIES_4.md,FICHE REPÉRÉE — qualité non entièrement réauditée,FICHES_MESSIE_ET_SEMAINES_DANIEL_P638-641.html,Fichier de lot et journal phase 9; revue fiche par fiche restant à faire,,
P640,Daniel 9:24,"Soixante-dix semaines fixées : mettre fin à la transgression, faire propitiation pour la faute, amener la justice pour toujours, oindre le Saint des Saints","Luc 3:21,22 ; Matthieu 27:51 ; Hébreux 9:11,12 ; 10:12",Accomplie,19_REGISTRE_PROPHETIES_4.md,FICHE REPÉRÉE — qualité non entièrement réauditée,FICHES_MESSIE_ET_SEMAINES_DANIEL_P638-641.html,Fichier de lot et journal phase 9; revue fiche par fiche restant à faire,,
P641,Daniel 9:27,Il gardera l'alliance pour beaucoup pendant une semaine ; à la moitié de la semaine il fera cesser sacrifice et offrande ; la chose immonde amènera la désolation,Matthieu 27:51 ; Matthieu 24:15 ; Luc 21:20 — 33 puis 70 de n. è.,Accomplie (1er accomplissement),19_REGISTRE_PROPHETIES_4.md,FICHE REPÉRÉE — qualité non entièrement réauditée,FICHES_MESSIE_ET_SEMAINES_DANIEL_P638-641.html,Fichier de lot et journal phase 9; revue fiche par fiche restant à faire,,
P642,Psaume 16:8-11,Tu ne laisseras pas mon âme au Schéol ; tu ne permettras pas que ton fidèle voie la corruption,Actes 2:25-32 ; 13:34-37,Accomplie,19_REGISTRE_PROPHETIES_4.md,FICHE REPÉRÉE — qualité non entièrement réauditée,FICHES_RESURRECTION_ASCENSION_P642-646.html,Fichier de lot et journal phase 9; revue fiche par fiche restant à faire,,
P643,"Isaïe 53:10,11","Il verra sa descendance ; il prolongera ses jours ; par sa connaissance, mon serviteur justifiera beaucoup",Romains 6:9 ; Hébreux 7:16 ; Actes 2:24,Accomplie,19_REGISTRE_PROPHETIES_4.md,FICHE REPÉRÉE — qualité non entièrement réauditée,FICHES_RESURRECTION_ASCENSION_P642-646.html,Fichier de lot et journal phase 9; revue fiche par fiche restant à faire,,
P644,"Jonas 1:17 ; Matthieu 12:39,40",Trois jours et trois nuits dans le cœur de la terre,Matthieu 27:62—28:6,Accomplie,19_REGISTRE_PROPHETIES_4.md,FICHE REPÉRÉE — qualité non entièrement réauditée,FICHES_RESURRECTION_ASCENSION_P642-646.html,Fichier de lot et journal phase 9; revue fiche par fiche restant à faire,,
P645,Psaume 68:18,"Tu es monté en haut, tu as emmené des captifs ; tu as donné des dons sous forme d'hommes",Éphésiens 4:8-11,Accomplie,19_REGISTRE_PROPHETIES_4.md,FICHE REPÉRÉE — qualité non entièrement réauditée,FICHES_RESURRECTION_ASCENSION_P642-646.html,Fichier de lot et journal phase 9; revue fiche par fiche restant à faire,,
P646,Isaïe 52:13,"Mon serviteur agira avec perspicacité ; il sera élevé, exalté et haut placé",Philippiens 2:9-11,Accomplie,19_REGISTRE_PROPHETIES_4.md,FICHE REPÉRÉE — qualité non entièrement réauditée,FICHES_RESURRECTION_ASCENSION_P642-646.html,Fichier de lot et journal phase 9; revue fiche par fiche restant à faire,,
P647,"Matthieu 24:4,5","Beaucoup viendront sous mon nom en disant : « Je suis le Christ », et séduiront beaucoup de gens",Depuis 1914 : multiplication des prétendants et des mouvements messianiques,En cours,19_REGISTRE_PROPHETIES_4.md,FICHE REPÉRÉE — qualité non entièrement réauditée,FICHES_SIGNE_COMPOSITE_P647-652.html,Fichier de lot et journal phase 9; revue fiche par fiche restant à faire,,
P648,"Matthieu 24:6,7",Vous entendrez parler de guerres et de rumeurs de guerres,1914-1918 et depuis,En cours,19_REGISTRE_PROPHETIES_4.md,FICHE REPÉRÉE — qualité non entièrement réauditée,FICHES_SIGNE_COMPOSITE_P647-652.html,Fichier de lot et journal phase 9; revue fiche par fiche restant à faire,,
P649,Matthieu 24:7 ; Marc 13:8,Nation se lèvera contre nation et royaume contre royaume,1914-1918 ; 1939-1945 ; conflits successifs,En cours,19_REGISTRE_PROPHETIES_4.md,FICHE REPÉRÉE — qualité non entièrement réauditée,FICHES_SIGNE_COMPOSITE_P647-652.html,Fichier de lot et journal phase 9; revue fiche par fiche restant à faire,,
P650,Matthieu 24:7,Il y aura des disettes dans un lieu après l'autre,Depuis 1914,En cours,19_REGISTRE_PROPHETIES_4.md,FICHE REPÉRÉE — qualité non entièrement réauditée,FICHES_SIGNE_COMPOSITE_P647-652.html,Fichier de lot et journal phase 9; revue fiche par fiche restant à faire,,
P651,Matthieu 24:7,De grands tremblements de terre dans un lieu après l'autre,Depuis 1914,En cours,19_REGISTRE_PROPHETIES_4.md,FICHE REPÉRÉE — qualité non entièrement réauditée,FICHES_SIGNE_COMPOSITE_P647-652.html,Fichier de lot et journal phase 9; revue fiche par fiche restant à faire,,
P652,Luc 21:11,Des pestes dans un lieu après l'autre,1918-1919 ; épidémies successives depuis,En cours,19_REGISTRE_PROPHETIES_4.md,FICHE REPÉRÉE — qualité non entièrement réauditée,FICHES_SIGNE_COMPOSITE_P647-652.html,Fichier de lot et journal phase 9; revue fiche par fiche restant à faire,,
P653,Luc 21:11,Des spectacles effrayants et de grands signes venant du ciel,Depuis 1914,En cours,19_REGISTRE_PROPHETIES_4.md,FICHE REPÉRÉE — qualité non entièrement réauditée,FICHES_SUITE_SIGNE_P653-658.html,Fichier de lot et journal phase 9; revue fiche par fiche restant à faire,,
P654,Matthieu 24:8,Tout cela n'est que le commencement des douleurs,1914,En cours,19_REGISTRE_PROPHETIES_4.md,FICHE REPÉRÉE — qualité non entièrement réauditée,FICHES_SUITE_SIGNE_P653-658.html,Fichier de lot et journal phase 9; revue fiche par fiche restant à faire,,
P655,Matthieu 24:9 ; Luc 21:12,On vous livrera à la tribulation ; on mettra la main sur vous et on vous persécutera,Depuis 1914,En cours,19_REGISTRE_PROPHETIES_4.md,FICHE REPÉRÉE — qualité non entièrement réauditée,FICHES_SUITE_SIGNE_P653-658.html,Fichier de lot et journal phase 9; revue fiche par fiche restant à faire,,
P656,Matthieu 24:10,"Alors beaucoup trébucheront, se livreront et se haïront entre eux",Depuis 1914,En cours,19_REGISTRE_PROPHETIES_4.md,FICHE REPÉRÉE — qualité non entièrement réauditée,FICHES_SUITE_SIGNE_P653-658.html,Fichier de lot et journal phase 9; revue fiche par fiche restant à faire,,
P657,Matthieu 24:11,Beaucoup de faux prophètes se lèveront et séduiront beaucoup de gens,Depuis 1914,En cours,19_REGISTRE_PROPHETIES_4.md,FICHE REPÉRÉE — qualité non entièrement réauditée,FICHES_SUITE_SIGNE_P653-658.html,Fichier de lot et journal phase 9; revue fiche par fiche restant à faire,,
P658,Matthieu 24:12,L'accroissement de l'iniquité fera refroidir l'amour du grand nombre,Depuis 1914 ; 2 Timothée 3:1-5,En cours,19_REGISTRE_PROPHETIES_4.md,FICHE REPÉRÉE — qualité non entièrement réauditée,FICHES_SUITE_SIGNE_P653-658.html,Fichier de lot et journal phase 9; revue fiche par fiche restant à faire,,
P659,Matthieu 24:13,Celui qui aura enduré jusqu'à la fin sera sauvé,Depuis 1914,En cours,19_REGISTRE_PROPHETIES_4.md,FICHE REPÉRÉE — qualité non entièrement réauditée,FICHES_SUITE_SIGNE_P659-664.html,Fichier de lot et journal phase 9; revue fiche par fiche restant à faire,,
P660,Matthieu 24:14,"Cette bonne nouvelle du Royaume sera prêchée dans toute la terre habitée, en témoignage pour toutes les nations ; alors viendra la fin",Depuis 1914 : œuvre mondiale en cours,En cours,19_REGISTRE_PROPHETIES_4.md,FICHE REPÉRÉE — qualité non entièrement réauditée,FICHES_SUITE_SIGNE_P659-664.html,Fichier de lot et journal phase 9; revue fiche par fiche restant à faire,,
P661,"Matthieu 24:21,22","Une grande tribulation telle qu'il n'en est pas survenu de pareille, non, et il n'en surviendra plus ; les jours seront écourtés",À venir,À venir,19_REGISTRE_PROPHETIES_4.md,FICHE REPÉRÉE — qualité non entièrement réauditée,FICHES_SUITE_SIGNE_P659-664.html,Fichier de lot et journal phase 9; revue fiche par fiche restant à faire,,
P662,Matthieu 24:23-25,"De faux Christs et de faux prophètes montreront de grands signes pour séduire, si possible, même les élus",Depuis 1914,En cours,19_REGISTRE_PROPHETIES_4.md,FICHE REPÉRÉE — qualité non entièrement réauditée,FICHES_SUITE_SIGNE_P659-664.html,Fichier de lot et journal phase 9; revue fiche par fiche restant à faire,,
P663,"Matthieu 24:29 ; Luc 21:25,26","Le soleil sera obscurci, la lune ne donnera pas sa lumière, les étoiles tomberont ; angoisse des nations",À venir,À venir,19_REGISTRE_PROPHETIES_4.md,FICHE REPÉRÉE — qualité non entièrement réauditée,FICHES_SUITE_SIGNE_P659-664.html,Fichier de lot et journal phase 9; revue fiche par fiche restant à faire,,
P664,Matthieu 24:30,Le signe du Fils de l'homme apparaîtra dans le ciel ; toutes les tribus de la terre se frapperont la poitrine,À venir,À venir,19_REGISTRE_PROPHETIES_4.md,FICHE REPÉRÉE — qualité non entièrement réauditée,FICHES_SUITE_SIGNE_P659-664.html,Fichier de lot et journal phase 9; revue fiche par fiche restant à faire,,
P665,Matthieu 24:31,Il enverra ses anges rassembler ses élus,À venir,À venir,19_REGISTRE_PROPHETIES_4.md,FICHE REPÉRÉE — qualité non entièrement réauditée,FICHES_SUITE_SIGNE_P665-670.html,Fichier de lot et journal phase 9; revue fiche par fiche restant à faire,,
P666,Matthieu 24:32-34,"Le figuier : quand ses jeunes rameaux deviennent tendres, vous savez que l'été est proche ; cette génération ne passera pas",Depuis 1914,En cours,19_REGISTRE_PROPHETIES_4.md,FICHE REPÉRÉE — qualité non entièrement réauditée,FICHES_SUITE_SIGNE_P665-670.html,Fichier de lot et journal phase 9; revue fiche par fiche restant à faire,,
P667,Matthieu 24:36,"Quant à ce jour et à cette heure, personne ne les connaît, ni les anges, ni le Fils, mais seulement le Père",Principe confirmé : aucune date de la fin annoncée,Accomplie,19_REGISTRE_PROPHETIES_4.md,FICHE REPÉRÉE — qualité non entièrement réauditée,FICHES_SUITE_SIGNE_P665-670.html,Fichier de lot et journal phase 9; revue fiche par fiche restant à faire,,
P668,Matthieu 24:37-39,"Comme aux jours de Noé, ils ne s'aperçurent de rien jusqu'à ce que le déluge vienne",Depuis 1914,En cours,19_REGISTRE_PROPHETIES_4.md,FICHE REPÉRÉE — qualité non entièrement réauditée,FICHES_SUITE_SIGNE_P665-670.html,Fichier de lot et journal phase 9; revue fiche par fiche restant à faire,,
P669,Luc 17:28-30,"Comme aux jours de Lot : ils mangeaient, buvaient, achetaient, vendaient, plantaient, bâtissaient",Depuis 1914,En cours,19_REGISTRE_PROPHETIES_4.md,FICHE REPÉRÉE — qualité non entièrement réauditée,FICHES_SUITE_SIGNE_P665-670.html,Fichier de lot et journal phase 9; revue fiche par fiche restant à faire,,
P670,Luc 17:31-33,Que celui qui sera sur le toit ne descende pas prendre ses affaires ; souvenez-vous de la femme de Lot,66-70 de n. è. ; application finale À venir,Accomplie (1er accomplissement),19_REGISTRE_PROPHETIES_4.md,FICHE REPÉRÉE — qualité non entièrement réauditée,FICHES_SUITE_SIGNE_P665-670.html,Fichier de lot et journal phase 9; revue fiche par fiche restant à faire,,
P671,Matthieu 24:40-42,L'un sera pris et l'autre laissé ; tenez-vous donc éveillés,À venir,À venir,19_REGISTRE_PROPHETIES_4.md,FICHE REPÉRÉE — qualité non entièrement réauditée,FICHES_SUITE_SIGNE_P671-676.html,Fichier de lot et journal phase 9; revue fiche par fiche restant à faire,,
P672,"Matthieu 24:43,44","Le Fils de l'homme viendra à une heure que vous ne pensez pas, comme un voleur",À venir,À venir,19_REGISTRE_PROPHETIES_4.md,FICHE REPÉRÉE — qualité non entièrement réauditée,FICHES_SUITE_SIGNE_P671-676.html,Fichier de lot et journal phase 9; revue fiche par fiche restant à faire,,
P673,Matthieu 24:45-47,L'esclave fidèle et avisé établi sur les domestiques pour leur donner la nourriture au bon moment ; il sera établi sur tous ses biens,Depuis 1919,Accomplie,19_REGISTRE_PROPHETIES_4.md,FICHE REPÉRÉE — qualité non entièrement réauditée,FICHES_SUITE_SIGNE_P671-676.html,Fichier de lot et journal phase 9; revue fiche par fiche restant à faire,,
P674,Matthieu 24:48-51,L'esclave méchant : « Mon maître tarde » ; il frappe ses compagnons ; sa part sera avec les hypocrites,Depuis 1919,Accomplie,19_REGISTRE_PROPHETIES_4.md,FICHE REPÉRÉE — qualité non entièrement réauditée,FICHES_SUITE_SIGNE_P671-676.html,Fichier de lot et journal phase 9; revue fiche par fiche restant à faire,,
P675,Matthieu 25:1-13,Les dix vierges : le fiancé arrive ; celles qui étaient prêtes entrent avec lui aux noces,1919 ; accomplissement final À venir,Accomplie (1er accomplissement),19_REGISTRE_PROPHETIES_4.md,FICHE REPÉRÉE — qualité non entièrement réauditée,FICHES_SUITE_SIGNE_P671-676.html,Fichier de lot et journal phase 9; revue fiche par fiche restant à faire,,
P676,Matthieu 25:14-30,Les talents confiés aux esclaves selon leurs capacités ; le maître vient régler les comptes,Depuis 1919,En cours,19_REGISTRE_PROPHETIES_4.md,FICHE REPÉRÉE — qualité non entièrement réauditée,FICHES_SUITE_SIGNE_P671-676.html,Fichier de lot et journal phase 9; revue fiche par fiche restant à faire,,
P677,Matthieu 25:31-33,Le Fils de l'homme sépare les gens les uns des autres comme le berger sépare les brebis des chèvres,À venir,À venir,19_REGISTRE_PROPHETIES_4.md,FICHE REPÉRÉE — qualité non entièrement réauditée,FICHES_SUITE_SIGNE_P677-682.html,Fichier de lot et journal phase 9; revue fiche par fiche restant à faire,,
P678,Matthieu 25:46,"Ceux-ci iront au retranchement éternel, mais les justes à la vie éternelle",À venir,À venir,19_REGISTRE_PROPHETIES_4.md,FICHE REPÉRÉE — qualité non entièrement réauditée,FICHES_SUITE_SIGNE_P677-682.html,Fichier de lot et journal phase 9; revue fiche par fiche restant à faire,,
P679,Matthieu 24:2 ; Marc 13:2 ; Luc 21:6,Il ne restera pas ici pierre sur pierre qui ne soit renversée,70 de n. è. : destruction du temple par les Romains,Accomplie,19_REGISTRE_PROPHETIES_4.md,FICHE REPÉRÉE — qualité non entièrement réauditée,FICHES_SUITE_SIGNE_P677-682.html,Fichier de lot et journal phase 9; revue fiche par fiche restant à faire,,
P680,"Luc 19:43,44","Tes ennemis t'entoureront d'une palissade, t'assiégeront, te serreront de toutes parts et t'abattront, toi et tes enfants",70 de n. è.,Accomplie,19_REGISTRE_PROPHETIES_4.md,FICHE REPÉRÉE — qualité non entièrement réauditée,FICHES_SUITE_SIGNE_P677-682.html,Fichier de lot et journal phase 9; revue fiche par fiche restant à faire,,
P681,"Luc 21:20,21","Quand vous verrez Jérusalem entourée par des armées qui campent, que ceux qui sont en Judée fuient vers les montagnes","66 : retrait des Romains ; fuite des chrétiens, notamment vers Pella",Accomplie,19_REGISTRE_PROPHETIES_4.md,FICHE REPÉRÉE — qualité non entièrement réauditée,FICHES_SUITE_SIGNE_P677-682.html,Fichier de lot et journal phase 9; revue fiche par fiche restant à faire,,
P682,Matthieu 24:15 ; Marc 13:14,La chose immonde qui cause la désolation se tenant dans un lieu saint (Daniel 9:27),66-70 : armées romaines et désolation du temple ; application antitypique à la chrétienté,Accomplie (1er accomplissement),19_REGISTRE_PROPHETIES_4.md,FICHE REPÉRÉE — qualité non entièrement réauditée,FICHES_SUITE_SIGNE_P677-682.html,Fichier de lot et journal phase 9; revue fiche par fiche restant à faire,,
P683,Matthieu 24:16-20,Que celui qui est sur le toit ne descende pas ; malheur aux femmes enceintes ; priez pour que votre fuite n'ait pas lieu en hiver,66-70,Accomplie,19_REGISTRE_PROPHETIES_4.md,FICHE REPÉRÉE — qualité non entièrement réauditée,FICHES_SUITE_SIGNE_P683-688.html,Fichier de lot et journal phase 9; revue fiche par fiche restant à faire,,
P684,Luc 21:22-24,Jours de vengeance ; ils tomberont sous le tranchant de l'épée et seront emmenés captifs dans toutes les nations,70 de n. è.,Accomplie,19_REGISTRE_PROPHETIES_4.md,FICHE REPÉRÉE — qualité non entièrement réauditée,FICHES_SUITE_SIGNE_P683-688.html,Fichier de lot et journal phase 9; revue fiche par fiche restant à faire,,
P685,"Matthieu 23:37,38",Votre maison vous est abandonnée,70 de n. è.,Accomplie,19_REGISTRE_PROPHETIES_4.md,FICHE REPÉRÉE — qualité non entièrement réauditée,FICHES_SUITE_SIGNE_P683-688.html,Fichier de lot et journal phase 9; revue fiche par fiche restant à faire,,
P686,Matthieu 21:43,Le royaume de Dieu vous sera enlevé et donné à une nation qui produira ses fruits,Actes 13:46 ; 18:6 ; 28:28 ; Romains 11:11,Accomplie,19_REGISTRE_PROPHETIES_4.md,FICHE REPÉRÉE — qualité non entièrement réauditée,FICHES_SUITE_SIGNE_P683-688.html,Fichier de lot et journal phase 9; revue fiche par fiche restant à faire,,
P687,Matthieu 22:7,Le roi envoya ses armées détruire ces meurtriers et brûler leur ville,70 de n. è.,Accomplie,19_REGISTRE_PROPHETIES_4.md,FICHE REPÉRÉE — qualité non entièrement réauditée,FICHES_SUITE_SIGNE_P683-688.html,Fichier de lot et journal phase 9; revue fiche par fiche restant à faire,,
P688,Luc 23:28-31,"Filles de Jérusalem, ne pleurez pas sur moi ; pleurez sur vous-mêmes et sur vos enfants : si l'on fait cela au bois vert, qu'arrivera-t-il au bois sec ?",70 de n. è.,Accomplie,19_REGISTRE_PROPHETIES_4.md,FICHE REPÉRÉE — qualité non entièrement réauditée,FICHES_SUITE_SIGNE_P683-688.html,Fichier de lot et journal phase 9; revue fiche par fiche restant à faire,,
P689,Daniel 9:26,Le peuple d'un guide qui vient détruira la ville et le sanctuaire,70 de n. è. : les Romains,Accomplie,19_REGISTRE_PROPHETIES_4.md,FICHE REPÉRÉE — qualité non entièrement réauditée,FICHES_SUITE_SIGNE_P689-694.html,Fichier de lot et journal phase 9; revue fiche par fiche restant à faire,,
P690,Luc 21:24,Jérusalem sera foulée par les nations jusqu'à ce que les temps fixés des nations soient accomplis,70 de n. è. ; temps fixés des nations achevés en 1914,Accomplie,19_REGISTRE_PROPHETIES_4.md,FICHE REPÉRÉE — qualité non entièrement réauditée,FICHES_SUITE_SIGNE_P689-694.html,Fichier de lot et journal phase 9; revue fiche par fiche restant à faire,,
P691,Jean 11:49-52 ; 18:14,Caïphe : il est avantageux pour vous qu'un seul homme meure pour le peuple (prophétie involontaire),33 de n. è.,Accomplie,19_REGISTRE_PROPHETIES_4.md,FICHE REPÉRÉE — qualité non entièrement réauditée,FICHES_SUITE_SIGNE_P689-694.html,Fichier de lot et journal phase 9; revue fiche par fiche restant à faire,,
P692,"Matthieu 13:24-30,37-43","Le blé et la mauvaise herbe croissent ensemble jusqu'à la moisson ; la moisson, c'est l'achèvement du système de choses ; les moissonneurs sont des anges",1914 : fin de la période de croissance ; moisson depuis 1914-1919,En cours,19_REGISTRE_PROPHETIES_4.md,FICHE REPÉRÉE — qualité non entièrement réauditée,FICHES_SUITE_SIGNE_P689-694.html,Fichier de lot et journal phase 9; revue fiche par fiche restant à faire,,
P693,Matthieu 13:47-50,"Le filet à la traîne rassemble toutes sortes de poissons ; à l'achèvement du système de choses, les anges séparent les méchants des justes",Depuis 1919,En cours,19_REGISTRE_PROPHETIES_4.md,FICHE REPÉRÉE — qualité non entièrement réauditée,FICHES_SUITE_SIGNE_P689-694.html,Fichier de lot et journal phase 9; revue fiche par fiche restant à faire,,
P694,Matthieu 13:31-33,Le grain de moutarde devient un arbre ; le levain fait fermenter toute la masse,Arrivée à maturité à la conclusion du système de choses,En cours,19_REGISTRE_PROPHETIES_4.md,FICHE REPÉRÉE — qualité non entièrement réauditée,FICHES_SUITE_SIGNE_P689-694.html,Fichier de lot et journal phase 9; revue fiche par fiche restant à faire,,
P695,Luc 13:6-9,"Le figuier stérile : trois ans, puis encore un an, avant d'être coupé",Depuis 1919,En cours,19_REGISTRE_PROPHETIES_4.md,FICHE REPÉRÉE — qualité non entièrement réauditée,FICHES_SUITE_SIGNE_P695-700.html,Fichier de lot et journal phase 9; revue fiche par fiche restant à faire,,
P696,Matthieu 21:33-41 ; Luc 20:9-16,Les vignerons meurtriers : le propriétaire viendra faire périr ces vignerons,70 de n. è. : jugement sur Israël selon la chair,Accomplie,19_REGISTRE_PROPHETIES_4.md,FICHE REPÉRÉE — qualité non entièrement réauditée,FICHES_SUITE_SIGNE_P695-700.html,Fichier de lot et journal phase 9; revue fiche par fiche restant à faire,,
P697,Matthieu 22:2-10,Le festin de noces : les invités refusent ; les serviteurs vont sur les routes rassembler tous ceux qu'ils trouvent,Actes 13:46 ; 28:28 : invitation étendue aux nations,Accomplie,19_REGISTRE_PROPHETIES_4.md,FICHE REPÉRÉE — qualité non entièrement réauditée,FICHES_SUITE_SIGNE_P695-700.html,Fichier de lot et journal phase 9; revue fiche par fiche restant à faire,,
P698,Matthieu 20:1-16,Les ouvriers de la onzième heure reçoivent le même salaire,Depuis 1919,Accomplie,19_REGISTRE_PROPHETIES_4.md,FICHE REPÉRÉE — qualité non entièrement réauditée,FICHES_SUITE_SIGNE_P695-700.html,Fichier de lot et journal phase 9; revue fiche par fiche restant à faire,,
P699,"Matthieu 28:19,20",Faites des disciples de gens de toutes les nations ; je suis avec vous jusqu'à la conclusion du système de choses,Depuis 33 de n. è.,En cours,19_REGISTRE_PROPHETIES_4.md,FICHE REPÉRÉE — qualité non entièrement réauditée,FICHES_SUITE_SIGNE_P695-700.html,Fichier de lot et journal phase 9; revue fiche par fiche restant à faire,,
P700,Actes 1:8,"Vous serez mes témoins à Jérusalem, dans toute la Judée et la Samarie, et jusqu'à la partie la plus lointaine de la terre",Depuis 33 de n. è.,En cours,19_REGISTRE_PROPHETIES_4.md,FICHE REPÉRÉE — qualité non entièrement réauditée,FICHES_SUITE_SIGNE_P695-700.html,Fichier de lot et journal phase 9; revue fiche par fiche restant à faire,,
P701,Jean 10:16,"J'ai d'autres brebis, qui ne sont pas de cet enclos : il faut que je les amène, et elles écouteront ma voix ; un seul troupeau, un seul berger",Depuis 33 de n. è.,En cours,19_REGISTRE_PROPHETIES_4.md,FICHE REPÉRÉE — qualité non entièrement réauditée,FICHES_SUITE_SIGNE_P701-706.html,Fichier de lot et journal phase 9; revue fiche par fiche restant à faire,,
P702,Jean 12:32,"Si je suis élevé de la terre, je attirerai à moi toutes sortes d'hommes",Depuis 33 de n. è.,En cours,19_REGISTRE_PROPHETIES_4.md,FICHE REPÉRÉE — qualité non entièrement réauditée,FICHES_SUITE_SIGNE_P701-706.html,Fichier de lot et journal phase 9; revue fiche par fiche restant à faire,,
P703,Matthieu 16:21 ; 20:17-19,"Le Fils de l'homme sera mis à mort et, le troisième jour, ressuscité",33 de n. è.,Accomplie,19_REGISTRE_PROPHETIES_4.md,FICHE REPÉRÉE — qualité non entièrement réauditée,FICHES_SUITE_SIGNE_P701-706.html,Fichier de lot et journal phase 9; revue fiche par fiche restant à faire,,
P704,Matthieu 26:21-25 ; Jean 13:21-27,L'un de vous me trahira — Judas Iscariote,33 de n. è.,Accomplie,19_REGISTRE_PROPHETIES_4.md,FICHE REPÉRÉE — qualité non entièrement réauditée,FICHES_SUITE_SIGNE_P701-706.html,Fichier de lot et journal phase 9; revue fiche par fiche restant à faire,,
P705,Matthieu 26:33-35 ; Luc 22:31-34,"Avant que le coq chante, tu me renieras trois fois",33 de n. è.,Accomplie,19_REGISTRE_PROPHETIES_4.md,FICHE REPÉRÉE — qualité non entièrement réauditée,FICHES_SUITE_SIGNE_P701-706.html,Fichier de lot et journal phase 9; revue fiche par fiche restant à faire,,
P706,"Matthieu 26:31,56",Tous vous serez amenés à trébucher à mon sujet cette nuit ; les disciples l'abandonnèrent et s'enfuirent,33 de n. è.,Accomplie,19_REGISTRE_PROPHETIES_4.md,FICHE REPÉRÉE — qualité non entièrement réauditée,FICHES_SUITE_SIGNE_P701-706.html,Fichier de lot et journal phase 9; revue fiche par fiche restant à faire,,
P707,Jean 2:19-22,Détruisez ce temple et en trois jours je le relèverai,33 de n. è. : résurrection,Accomplie,19_REGISTRE_PROPHETIES_4.md,FICHE REPÉRÉE — qualité non entièrement réauditée,FICHES_SUITE_SIGNE_P707-711.html,Fichier de lot et journal phase 9; revue fiche par fiche restant à faire,,
P708,Matthieu 10:17-22 ; Marc 13:9-11 ; Luc 21:12-15,"On vous traduira devant gouverneurs et rois, en témoignage pour eux et pour les nations ; livrés par les parents, frères, proches",33-70 de n. è. ; puis jusqu'à aujourd'hui,Accomplie (1er accomplissement) ; En cours,19_REGISTRE_PROPHETIES_4.md,FICHE REPÉRÉE — qualité non entièrement réauditée,FICHES_SUITE_SIGNE_P707-711.html,Fichier de lot et journal phase 9; revue fiche par fiche restant à faire,,
P709,Matthieu 24:9 ; Jean 15:18—16:2,Vous serez haïs de toutes les nations à cause de mon nom ; on vous expulsera des synagogues,Depuis 33 de n. è.,En cours,19_REGISTRE_PROPHETIES_4.md,FICHE REPÉRÉE — qualité non entièrement réauditée,FICHES_SUITE_SIGNE_P707-711.html,Fichier de lot et journal phase 9; revue fiche par fiche restant à faire,,
P710,Matthieu 26:13,"Partout où cette bonne nouvelle sera prêchée, dans le monde entier, on racontera aussi ce que cette femme a fait, en souvenir d'elle",Depuis 33 de n. è.,Accomplie,19_REGISTRE_PROPHETIES_4.md,FICHE REPÉRÉE — qualité non entièrement réauditée,FICHES_SUITE_SIGNE_P707-711.html,Fichier de lot et journal phase 9; revue fiche par fiche restant à faire,,
P711,Luc 21:31,"De même, quand vous verrez ces choses arriver, sachez que le Royaume de Dieu est proche",Depuis 1914,En cours,19_REGISTRE_PROPHETIES_4.md,FICHE REPÉRÉE — qualité non entièrement réauditée,FICHES_SUITE_SIGNE_P707-711.html,Fichier de lot et journal phase 9; revue fiche par fiche restant à faire,,
P712,Actes 3:19-21,"Des temps du rétablissement de toutes choses, dont Dieu a parlé par la bouche de ses saints prophètes",Rétablissement en cours depuis 1919 ; accomplissement final selon Ésaïe 65:17 et Révélation 21:1-5,En cours,20_REGISTRE_PROPHETIES_5.md,FICHE REPÉRÉE — qualité non entièrement réauditée,FICHES_ACTES_P712-717.html,Fichier de lot et journal phase 9; revue fiche par fiche restant à faire,,
P713,"Actes 9:15,16","Paul : vase choisi pour porter mon nom aux nations, aux rois et aux fils d'Israël, et il doit souffrir",Actes 13-28 ; 2 Corinthiens 11:23-27,Accomplie,20_REGISTRE_PROPHETIES_5.md,FICHE REPÉRÉE — qualité non entièrement réauditée,FICHES_ACTES_P712-717.html,Fichier de lot et journal phase 9; revue fiche par fiche restant à faire,,
P714,"Actes 11:27,28",Agabus : une grande famine sur toute la terre habitée,"Sous Claude (46-48 de n. è.) ; Actes 11:29,30",Accomplie,20_REGISTRE_PROPHETIES_5.md,FICHE REPÉRÉE — qualité non entièrement réauditée,FICHES_ACTES_P712-717.html,Fichier de lot et journal phase 9; revue fiche par fiche restant à faire,,
P715,"Actes 13:46,47",Citation d'Ésaïe 49:6 : je t'ai établi pour être lumière des nations,Actes 13:48 ; 28:28,Accomplie,20_REGISTRE_PROPHETIES_5.md,FICHE REPÉRÉE — qualité non entièrement réauditée,FICHES_ACTES_P712-717.html,Fichier de lot et journal phase 9; revue fiche par fiche restant à faire,,
P716,Actes 15:14-18,"Citation d'Amos 9:11,12 : Dieu tire des nations un peuple pour son nom",Depuis 36 de n. è. ; Actes 10 ; 15:19-21,Accomplie,20_REGISTRE_PROPHETIES_5.md,FICHE REPÉRÉE — qualité non entièrement réauditée,FICHES_ACTES_P712-717.html,Fichier de lot et journal phase 9; revue fiche par fiche restant à faire,,
P717,"Actes 18:9,10",J'ai beaucoup de gens dans cette ville,Séjour de dix-huit mois à Corinthe ; Actes 18:11,Accomplie,20_REGISTRE_PROPHETIES_5.md,FICHE REPÉRÉE — qualité non entièrement réauditée,FICHES_ACTES_P712-717.html,Fichier de lot et journal phase 9; revue fiche par fiche restant à faire,,
P718,Actes 20:22-24,Chaînes et tribulations m'attendent,Actes 21:33 ; 28:17,Accomplie,20_REGISTRE_PROPHETIES_5.md,FICHE REPÉRÉE — qualité non entièrement réauditée,FICHES_ACTES-ROMAINS_P718-723.html,Fichier de lot et journal phase 9; revue fiche par fiche restant à faire,,
P719,"Actes 20:29,30",Des loups cruels entreront chez vous ; de vous-mêmes se lèveront des hommes qui diront des choses tortueuses,"Apostasie après la mort des apôtres ; 2 Timothée 2:17,18 ; 1 Jean 2:18,19",Accomplie,20_REGISTRE_PROPHETIES_5.md,FICHE REPÉRÉE — qualité non entièrement réauditée,FICHES_ACTES-ROMAINS_P718-723.html,Fichier de lot et journal phase 9; revue fiche par fiche restant à faire,,
P720,"Actes 21:10,11",Agabus : les Juifs à Jérusalem lieront cet homme et le livreront aux nations,Actes 21:27-33,Accomplie,20_REGISTRE_PROPHETIES_5.md,FICHE REPÉRÉE — qualité non entièrement réauditée,FICHES_ACTES-ROMAINS_P718-723.html,Fichier de lot et journal phase 9; revue fiche par fiche restant à faire,,
P721,Actes 23:11,Tu dois aussi témoigner à Rome,Actes 28:14-31,Accomplie,20_REGISTRE_PROPHETIES_5.md,FICHE REPÉRÉE — qualité non entièrement réauditée,FICHES_ACTES-ROMAINS_P718-723.html,Fichier de lot et journal phase 9; revue fiche par fiche restant à faire,,
P722,Actes 27:22-25,Aucune âme ne sera perdue ; il faut que tu comparaisses devant César,Actes 27:44 ; 28:16,Accomplie,20_REGISTRE_PROPHETIES_5.md,FICHE REPÉRÉE — qualité non entièrement réauditée,FICHES_ACTES-ROMAINS_P718-723.html,Fichier de lot et journal phase 9; revue fiche par fiche restant à faire,,
P723,"Romains 2:14,15",La loi écrite dans le cœur,"Romains 2:26,27",Accomplie,20_REGISTRE_PROPHETIES_5.md,FICHE REPÉRÉE — qualité non entièrement réauditée,FICHES_ACTES-ROMAINS_P718-723.html,Fichier de lot et journal phase 9; revue fiche par fiche restant à faire,,
P724,Romains 4:23-25,Livré à cause de nos fautes et ressuscité à cause de notre justification,1 Corinthiens 15:17,Accomplie,20_REGISTRE_PROPHETIES_5.md,FICHE REPÉRÉE — qualité non entièrement réauditée,FICHES_ROMAINS_P724-729.html,Fichier de lot et journal phase 9; revue fiche par fiche restant à faire,,
P725,"Romains 5:12,18",Par un seul homme le péché ; par un seul acte de justice la vie pour tous,"1 Corinthiens 15:21,22",Accomplie,20_REGISTRE_PROPHETIES_5.md,FICHE REPÉRÉE — qualité non entièrement réauditée,FICHES_ROMAINS_P724-729.html,Fichier de lot et journal phase 9; revue fiche par fiche restant à faire,,
P726,"Romains 9:25,26",Citations d'Osée 2:23 et 1:10 : j'appellerai « mon peuple » ceux qui n'étaient pas mon peuple,Appel des nations ; 1 Pierre 2:10,Accomplie,20_REGISTRE_PROPHETIES_5.md,FICHE REPÉRÉE — qualité non entièrement réauditée,FICHES_ROMAINS_P724-729.html,Fichier de lot et journal phase 9; revue fiche par fiche restant à faire,,
P727,Romains 9:27-29,"Citations d'Ésaïe 10:22,23 et 1:9 : seul un reste sera sauvé",Actes 2:41 ; Romains 11:5,Accomplie,20_REGISTRE_PROPHETIES_5.md,FICHE REPÉRÉE — qualité non entièrement réauditée,FICHES_ROMAINS_P724-729.html,Fichier de lot et journal phase 9; revue fiche par fiche restant à faire,,
P728,Romains 10:11-13,Citation de Joël 2:32 : quiconque invoque le nom de Jéhovah sera sauvé,Actes 2:21 ; 9:14 ; 22:16,Accomplie,20_REGISTRE_PROPHETIES_5.md,FICHE REPÉRÉE — qualité non entièrement réauditée,FICHES_ROMAINS_P724-729.html,Fichier de lot et journal phase 9; revue fiche par fiche restant à faire,,
P729,"Romains 11:25,26",Engourdissement partiel d'Israël jusqu'à ce que le nombre complet des nations soit entré ; ainsi tout Israël sera sauvé,En cours depuis 36 de n. è. ; accomplissement final À venir,En cours,20_REGISTRE_PROPHETIES_5.md,FICHE REPÉRÉE — qualité non entièrement réauditée,FICHES_ROMAINS_P724-729.html,Fichier de lot et journal phase 9; revue fiche par fiche restant à faire,,
P730,Romains 15:4,"Tout ce qui a été écrit d'avance a été écrit pour notre instruction, afin que nous ayons l'espérance","2 Timothée 3:16,17",Accomplie,20_REGISTRE_PROPHETIES_5.md,FICHE REPÉRÉE — qualité non entièrement réauditée,FICHES_ROMAINS_P730-735.html,Fichier de lot et journal phase 9; revue fiche par fiche restant à faire,,
P731,Romains 14:11,Citation d'Ésaïe 45:23 : tout genou se pliera et toute langue reconnaîtra Dieu,"Philippiens 2:10,11 ; À venir lors du jugement",À venir,20_REGISTRE_PROPHETIES_5.md,FICHE REPÉRÉE — qualité non entièrement réauditée,FICHES_ROMAINS_P730-735.html,Fichier de lot et journal phase 9; revue fiche par fiche restant à faire,,
P732,Romains 15:9-12,"Citations de 2 Samuel 22:50, Deutéronome 32:43, Psaume 117:1 et Ésaïe 11:10 : les nations glorifieront Dieu ; la racine de Jessé",Romains 15:16-19,Accomplie,20_REGISTRE_PROPHETIES_5.md,FICHE REPÉRÉE — qualité non entièrement réauditée,FICHES_ROMAINS_P730-735.html,Fichier de lot et journal phase 9; revue fiche par fiche restant à faire,,
P733,Romains 16:20,Le Dieu de paix écrasera bientôt Satan sous vos pieds,Premier accomplissement ; destruction finale du serpent selon Genèse 3:15,Accomplie (1er accomplissement) ; À venir,20_REGISTRE_PROPHETIES_5.md,FICHE REPÉRÉE — qualité non entièrement réauditée,FICHES_ROMAINS_P730-735.html,Fichier de lot et journal phase 9; revue fiche par fiche restant à faire,,
P734,"1 Corinthiens 15:3,4",Christ est mort pour nos péchés selon les Écritures et ressuscité le troisième jour selon les Écritures,Matthieu 27:50 ; 28:1-6,Accomplie,20_REGISTRE_PROPHETIES_5.md,FICHE REPÉRÉE — qualité non entièrement réauditée,FICHES_ROMAINS_P730-735.html,Fichier de lot et journal phase 9; revue fiche par fiche restant à faire,,
P735,1 Corinthiens 15:22-26,"Il doit régner jusqu'à ce que Dieu ait mis tous les ennemis sous ses pieds ; le dernier ennemi, la mort, doit être réduit à rien",Règne depuis 1914 ; accomplissement final À venir,En cours,20_REGISTRE_PROPHETIES_5.md,FICHE REPÉRÉE — qualité non entièrement réauditée,FICHES_ROMAINS_P730-735.html,Fichier de lot et journal phase 9; revue fiche par fiche restant à faire,,
P736,"1 Corinthiens 15:27,28","Toutes choses soumises au Fils, puis le Fils se soumettra lui-même",À venir à la fin du millénium,À venir,20_REGISTRE_PROPHETIES_5.md,FICHE REPÉRÉE — qualité non entièrement réauditée,FICHES_CORINTHIENS_P736-741.html,Fichier de lot et journal phase 9; revue fiche par fiche restant à faire,,
P737,1 Corinthiens 15:50-53,La chair et le sang ne peuvent hériter du Royaume ; il faut que les morts soient ressuscités incorruptibles,Ressurrection céleste des oints ; accomplissement depuis 1914 et à venir,En cours,20_REGISTRE_PROPHETIES_5.md,FICHE REPÉRÉE — qualité non entièrement réauditée,FICHES_CORINTHIENS_P736-741.html,Fichier de lot et journal phase 9; revue fiche par fiche restant à faire,,
P738,"1 Corinthiens 15:54,55",Citation d'Ésaïe 25:8 : la mort doit être engloutie pour toujours,À venir ; Révélation 21:4,À venir,20_REGISTRE_PROPHETIES_5.md,FICHE REPÉRÉE — qualité non entièrement réauditée,FICHES_CORINTHIENS_P736-741.html,Fichier de lot et journal phase 9; revue fiche par fiche restant à faire,,
P739,2 Corinthiens 4:14,Celui qui a ressuscité le Seigneur Jésus nous ressuscitera aussi,1 Thessaloniciens 4:14,Accomplie (1er accomplissement) ; À venir,20_REGISTRE_PROPHETIES_5.md,FICHE REPÉRÉE — qualité non entièrement réauditée,FICHES_CORINTHIENS_P736-741.html,Fichier de lot et journal phase 9; revue fiche par fiche restant à faire,,
P740,2 Corinthiens 5:10,Nous devons tous être manifestés devant le tribunal du Christ,À venir,À venir,20_REGISTRE_PROPHETIES_5.md,FICHE REPÉRÉE — qualité non entièrement réauditée,FICHES_CORINTHIENS_P736-741.html,Fichier de lot et journal phase 9; revue fiche par fiche restant à faire,,
P741,2 Corinthiens 13:5,Testez si vous êtes dans la foi,1 Jean 4:1,Accomplie,20_REGISTRE_PROPHETIES_5.md,FICHE REPÉRÉE — qualité non entièrement réauditée,FICHES_CORINTHIENS_P736-741.html,Fichier de lot et journal phase 9; revue fiche par fiche restant à faire,,
P742,Galates 3:8,Citation de Genèse 12:3 : toutes les nations seront bénies en vous,"Galates 3:16,29",Accomplie,20_REGISTRE_PROPHETIES_5.md,FICHE REPÉRÉE — qualité non entièrement réauditée,FICHES_GALATES_EPHESIENS_P742-747.html,Fichier de lot et journal phase 9; revue fiche par fiche restant à faire,,
P743,"Galates 4:4,5","Quand est arrivé le plein terme du temps, Dieu a envoyé son Fils, né d'une femme, né sous la loi","Automne 29 de n. è. ; Luc 1:31 ; 2:6,7",Accomplie,20_REGISTRE_PROPHETIES_5.md,FICHE REPÉRÉE — qualité non entièrement réauditée,FICHES_GALATES_EPHESIENS_P742-747.html,Fichier de lot et journal phase 9; revue fiche par fiche restant à faire,,
P744,Galates 5:5,Nous attendons par l'esprit l'espérance de la justice,Romains 8:23-25,En cours,20_REGISTRE_PROPHETIES_5.md,FICHE REPÉRÉE — qualité non entièrement réauditée,FICHES_GALATES_EPHESIENS_P742-747.html,Fichier de lot et journal phase 9; revue fiche par fiche restant à faire,,
P745,"Éphésiens 1:9,10",Réunir de nouveau toutes choses dans le Christ : les choses dans les cieux et celles sur la terre,Entrepris depuis 33 de n. è. ; consommation À venir,En cours,20_REGISTRE_PROPHETIES_5.md,FICHE REPÉRÉE — qualité non entièrement réauditée,FICHES_GALATES_EPHESIENS_P742-747.html,Fichier de lot et journal phase 9; revue fiche par fiche restant à faire,,
P746,Éphésiens 2:20-22,"Édifiés sur le fondement des apôtres et des prophètes, la pierre d'angle étant le Christ",1 Pierre 2:5 ; 1 Corinthiens 3:9-11,Accomplie,20_REGISTRE_PROPHETIES_5.md,FICHE REPÉRÉE — qualité non entièrement réauditée,FICHES_GALATES_EPHESIENS_P742-747.html,Fichier de lot et journal phase 9; revue fiche par fiche restant à faire,,
P747,Éphésiens 4:8-11,Citation du Psaume 68:18 : il a donné des dons sous forme d'hommes,Depuis 33 de n. è. ; 1 Corinthiens 12:28,Accomplie,20_REGISTRE_PROPHETIES_5.md,FICHE REPÉRÉE — qualité non entièrement réauditée,FICHES_GALATES_EPHESIENS_P742-747.html,Fichier de lot et journal phase 9; revue fiche par fiche restant à faire,,
P748,Éphésiens 5:25-27,"Le Christ a aimé la congrégation et s'est livré pour elle, afin de la présenter glorieuse",Depuis 33 de n. è.,En cours,20_REGISTRE_PROPHETIES_5.md,FICHE REPÉRÉE — qualité non entièrement réauditée,FICHES_EPHESIENS-THESSALONICIENS_P748-753.html,Fichier de lot et journal phase 9; revue fiche par fiche restant à faire,,
P749,"Éphésiens 6:12,13",Nous avons à lutter contre les forces spirituelles méchantes dans les lieux célestes,Depuis 1914 ; Révélation 12:7-12,En cours,20_REGISTRE_PROPHETIES_5.md,FICHE REPÉRÉE — qualité non entièrement réauditée,FICHES_EPHESIENS-THESSALONICIENS_P748-753.html,Fichier de lot et journal phase 9; revue fiche par fiche restant à faire,,
P750,Philippiens 1:6,Celui qui a commencé en vous une bonne œuvre l'achèvera,Philippiens 2:13 ; 1 Thessaloniciens 5:24,En cours,20_REGISTRE_PROPHETIES_5.md,FICHE REPÉRÉE — qualité non entièrement réauditée,FICHES_EPHESIENS-THESSALONICIENS_P748-753.html,Fichier de lot et journal phase 9; revue fiche par fiche restant à faire,,
P751,"Philippiens 3:20,21","Nous attendons du ciel le Seigneur Jésus, qui transformera notre corps humilié pour le rendre conforme à son corps glorieux","À venir ; 1 Corinthiens 15:43,44",À venir,20_REGISTRE_PROPHETIES_5.md,FICHE REPÉRÉE — qualité non entièrement réauditée,FICHES_EPHESIENS-THESSALONICIENS_P748-753.html,Fichier de lot et journal phase 9; revue fiche par fiche restant à faire,,
P752,"1 Thessaloniciens 4:15,16",Le Seigneur descendra du ciel avec un appel de commandement ; les morts en union avec Christ se relèveront d'abord,Ressurrection céleste depuis 1914 ; 1 Corinthiens 15:23,En cours,20_REGISTRE_PROPHETIES_5.md,FICHE REPÉRÉE — qualité non entièrement réauditée,FICHES_EPHESIENS-THESSALONICIENS_P748-753.html,Fichier de lot et journal phase 9; revue fiche par fiche restant à faire,,
P753,1 Thessaloniciens 4:17,"Ensuite nous, les vivants, nous serons emportés dans les nuages pour rencontrer le Seigneur","À venir ; 1 Corinthiens 15:51,52",À venir,20_REGISTRE_PROPHETIES_5.md,FICHE REPÉRÉE — qualité non entièrement réauditée,FICHES_EPHESIENS-THESSALONICIENS_P748-753.html,Fichier de lot et journal phase 9; revue fiche par fiche restant à faire,,
P754,1 Thessaloniciens 5:1-3,"Quand on dira « Paix et sécurité ! », alors une destruction soudaine viendra sur eux ; le jour de Jéhovah vient comme un voleur",À venir,À venir,20_REGISTRE_PROPHETIES_5.md,FICHE REPÉRÉE — qualité non entièrement réauditée,FICHES_THESSALONICIENS_P754-759.html,Fichier de lot et journal phase 9; revue fiche par fiche restant à faire,,
P755,"1 Thessaloniciens 5:4,5","Vous n'êtes pas dans les ténèbres, pour que ce jour vous surprenne comme des voleurs",Depuis 1914 : discernement des chrétiens,En cours,20_REGISTRE_PROPHETIES_5.md,FICHE REPÉRÉE — qualité non entièrement réauditée,FICHES_THESSALONICIENS_P754-759.html,Fichier de lot et journal phase 9; revue fiche par fiche restant à faire,,
P756,2 Thessaloniciens 1:6-10,"Révélation du Seigneur Jésus avec ses anges puissants, en flamme de feu, pour rendre la vengeance",À venir,À venir,20_REGISTRE_PROPHETIES_5.md,FICHE REPÉRÉE — qualité non entièrement réauditée,FICHES_THESSALONICIENS_P754-759.html,Fichier de lot et journal phase 9; revue fiche par fiche restant à faire,,
P757,2 Thessaloniciens 2:3,"L'apostasie doit venir d'abord, et l'homme d'illégalité doit être révélé",Apostasie après la mort des apôtres (2 Timothée 2:16-18) ; révélation finale À venir,Accomplie (1er accomplissement) ; À venir,20_REGISTRE_PROPHETIES_5.md,FICHE REPÉRÉE — qualité non entièrement réauditée,FICHES_THESSALONICIENS_P754-759.html,Fichier de lot et journal phase 9; revue fiche par fiche restant à faire,,
P758,2 Thessaloniciens 2:8,Le Seigneur Jésus le réduira à rien par la manifestation de sa présence,À venir,À venir,20_REGISTRE_PROPHETIES_5.md,FICHE REPÉRÉE — qualité non entièrement réauditée,FICHES_THESSALONICIENS_P754-759.html,Fichier de lot et journal phase 9; revue fiche par fiche restant à faire,,
P759,2 Thessaloniciens 3:3,Le Seigneur vous affermira et vous gardera du méchant,Actes 14:22 ; 1 Pierre 5:10,En cours,20_REGISTRE_PROPHETIES_5.md,FICHE REPÉRÉE — qualité non entièrement réauditée,FICHES_THESSALONICIENS_P754-759.html,Fichier de lot et journal phase 9; revue fiche par fiche restant à faire,,
P760,1 Timothée 4:1-3,"Dans les périodes de temps postérieures, quelques-uns abandonneront la foi ; ils interdiront de se marier et ordonneront de s'abstenir d'aliments",Développement de l'apostasie depuis les apôtres ; accomplissement dans la chrétienté,Accomplie,20_REGISTRE_PROPHETIES_5.md,FICHE REPÉRÉE — qualité non entièrement réauditée,FICHES_TIMOTHEE_TITE_P760-765.html,Fichier de lot et journal phase 9; revue fiche par fiche restant à faire,,
P761,2 Timothée 3:1-5,"Dans les derniers jours surviendront des temps critiques, difficiles à supporter : amour de soi, amour de l'argent, désobéissance aux parents, amour des plaisirs",Depuis 1914,En cours,20_REGISTRE_PROPHETIES_5.md,FICHE REPÉRÉE — qualité non entièrement réauditée,FICHES_TIMOTHEE_TITE_P760-765.html,Fichier de lot et journal phase 9; revue fiche par fiche restant à faire,,
P762,"2 Timothée 3:12,13",Tous ceux qui veulent vivre avec piété seront persécutés ; les hommes méchants iront de mal en pis,Depuis 33 de n. è. ; Jean 15:20,En cours,20_REGISTRE_PROPHETIES_5.md,FICHE REPÉRÉE — qualité non entièrement réauditée,FICHES_TIMOTHEE_TITE_P760-765.html,Fichier de lot et journal phase 9; revue fiche par fiche restant à faire,,
P763,"2 Timothée 4:3,4","Ils se donneront des enseignants pour satisfaire leurs désirs, détournant leurs oreilles de la vérité",Depuis la fin du Ier siècle ; en cours,En cours,20_REGISTRE_PROPHETIES_5.md,FICHE REPÉRÉE — qualité non entièrement réauditée,FICHES_TIMOTHEE_TITE_P760-765.html,Fichier de lot et journal phase 9; revue fiche par fiche restant à faire,,
P764,2 Timothée 4:8,"Désormais m'est réservée la couronne de justice, que le Seigneur remettra à tous ceux qui ont aimé son apparition",1 Pierre 5:4 ; À venir lors de la résurrection céleste,En cours,20_REGISTRE_PROPHETIES_5.md,FICHE REPÉRÉE — qualité non entièrement réauditée,FICHES_TIMOTHEE_TITE_P760-765.html,Fichier de lot et journal phase 9; revue fiche par fiche restant à faire,,
P765,Tite 2:13,Nous attendons l'heureuse espérance et la manifestation glorieuse du grand Dieu et de notre Sauveur Jésus Christ,À venir,À venir,20_REGISTRE_PROPHETIES_5.md,FICHE REPÉRÉE — qualité non entièrement réauditée,FICHES_TIMOTHEE_TITE_P760-765.html,Fichier de lot et journal phase 9; revue fiche par fiche restant à faire,,
P766,Hébreux 1:5-9,"Citations de Psaume 2:7, 2 Samuel 7:14, Psaume 97:7 et Psaume 45:6,7 appliquées au Fils ; ton trône, ô Dieu, est pour toujours",Actes 13:33 ; Hébreux 1:13,Accomplie,20_REGISTRE_PROPHETIES_5.md,FICHE REPÉRÉE — qualité non entièrement réauditée,FICHES_HEBREUX_P766-771.html,Fichier de lot et journal phase 9; revue fiche par fiche restant à faire,,
P767,Hébreux 4:9-11,Il reste un repos de sabbat pour le peuple de Dieu,À venir ; Révélation 20 ; application dès 1914 aux oints,En cours,20_REGISTRE_PROPHETIES_5.md,FICHE REPÉRÉE — qualité non entièrement réauditée,FICHES_HEBREUX_P766-771.html,Fichier de lot et journal phase 9; revue fiche par fiche restant à faire,,
P768,Hébreux 8:6-13,Citation de Jérémie 31:31-34 : je conclurai avec la maison d'Israël une nouvelle alliance ; je ne me souviendrai plus de leurs péchés,Conclue en 33 de n. è. ; Luc 22:20,Accomplie,20_REGISTRE_PROPHETIES_5.md,FICHE REPÉRÉE — qualité non entièrement réauditée,FICHES_HEBREUX_P766-771.html,Fichier de lot et journal phase 9; revue fiche par fiche restant à faire,,
P769,"Hébreux 9:11,12","Le Christ est entré dans le lieu très saint avec son propre sang, obtenant une délivrance éternelle",Automne 29 puis 33 de n. è. ; Daniel 9:24,Accomplie,20_REGISTRE_PROPHETIES_5.md,FICHE REPÉRÉE — qualité non entièrement réauditée,FICHES_HEBREUX_P766-771.html,Fichier de lot et journal phase 9; revue fiche par fiche restant à faire,,
P770,Hébreux 10:12-14,"Il a offert un seul sacrifice pour toujours et s'est assis à la droite de Dieu, attendant que ses ennemis soient placés sous ses pieds",Depuis 33 de n. è. ; accomplissement final À venir,En cours,20_REGISTRE_PROPHETIES_5.md,FICHE REPÉRÉE — qualité non entièrement réauditée,FICHES_HEBREUX_P766-771.html,Fichier de lot et journal phase 9; revue fiche par fiche restant à faire,,
P771,"Hébreux 11:10,16","Abraham attendait la ville ayant des fondements véritables, dont Dieu est le bâtisseur : une patrie céleste",Révélation 21:2 ; accomplissement À venir,À venir,20_REGISTRE_PROPHETIES_5.md,FICHE REPÉRÉE — qualité non entièrement réauditée,FICHES_HEBREUX_P766-771.html,Fichier de lot et journal phase 9; revue fiche par fiche restant à faire,,
P772,Hébreux 12:22-24 ; 13:14,"Vous vous êtes approchés du mont Sion, de la ville du Dieu vivant, la Jérusalem céleste ; nous cherchons la ville à venir",Depuis 33 de n. è. ; consommation À venir,En cours,20_REGISTRE_PROPHETIES_5.md,FICHE REPÉRÉE — qualité non entièrement réauditée,FICHES_HEBREUX-JACQUES-PIERRE_P772-777.html,Fichier de lot et journal phase 9; revue fiche par fiche restant à faire,,
P773,Jacques 5:1-6,Vous avez amassé un trésor pour les derniers jours ; le salaire des ouvriers crie,Depuis 1914,En cours,20_REGISTRE_PROPHETIES_5.md,FICHE REPÉRÉE — qualité non entièrement réauditée,FICHES_HEBREUX-JACQUES-PIERRE_P772-777.html,Fichier de lot et journal phase 9; revue fiche par fiche restant à faire,,
P774,"Jacques 5:7,8",Soyez patients jusqu'à la présence du Seigneur : le cultivateur attend le précieux fruit de la terre,Depuis 1914,En cours,20_REGISTRE_PROPHETIES_5.md,FICHE REPÉRÉE — qualité non entièrement réauditée,FICHES_HEBREUX-JACQUES-PIERRE_P772-777.html,Fichier de lot et journal phase 9; revue fiche par fiche restant à faire,,
P775,Jacques 5:9,Le Juge se tient aux portes,À venir,À venir,20_REGISTRE_PROPHETIES_5.md,FICHE REPÉRÉE — qualité non entièrement réauditée,FICHES_HEBREUX-JACQUES-PIERRE_P772-777.html,Fichier de lot et journal phase 9; revue fiche par fiche restant à faire,,
P776,1 Pierre 1:10-12,Les prophètes ont cherché diligemment à connaître le temps de la gloire du Christ ; il leur a été révélé que ce n'était pas pour eux-mêmes,Réalisation depuis 33 de n. è.,Accomplie,20_REGISTRE_PROPHETIES_5.md,FICHE REPÉRÉE — qualité non entièrement réauditée,FICHES_HEBREUX-JACQUES-PIERRE_P772-777.html,Fichier de lot et journal phase 9; revue fiche par fiche restant à faire,,
P777,1 Pierre 2:6-8,"Citations d'Ésaïe 28:16, Psaume 118:22 et Ésaïe 8:14 : la pierre que les bâtisseurs ont rejetée",Matthieu 21:42 ; Actes 4:11,Accomplie,20_REGISTRE_PROPHETIES_5.md,FICHE REPÉRÉE — qualité non entièrement réauditée,FICHES_HEBREUX-JACQUES-PIERRE_P772-777.html,Fichier de lot et journal phase 9; revue fiche par fiche restant à faire,,
P778,1 Pierre 2:22-25,"Citation d'Ésaïe 53:9 : il n'a pas commis de péché, et il a porté nos péchés dans son propre corps",Matthieu 27:38-44 ; actes 3:14,Accomplie,20_REGISTRE_PROPHETIES_5.md,FICHE REPÉRÉE — qualité non entièrement réauditée,FICHES_1-2PIERRE_P778-783.html,Fichier de lot et journal phase 9; revue fiche par fiche restant à faire,,
P779,1 Pierre 4:17,Il est temps que le jugement commence par la maison de Dieu,Depuis 1918-1919 ; Ézéchiel 9:6 ; Malachie 3:1-3,En cours,20_REGISTRE_PROPHETIES_5.md,FICHE REPÉRÉE — qualité non entièrement réauditée,FICHES_1-2PIERRE_P778-783.html,Fichier de lot et journal phase 9; revue fiche par fiche restant à faire,,
P780,1 Pierre 5:10,"Après avoir souffert un peu de temps, le Dieu de toute faveur vous rendra fermes",Romains 8:18 ; 2 Corinthiens 4:17,En cours,20_REGISTRE_PROPHETIES_5.md,FICHE REPÉRÉE — qualité non entièrement réauditée,FICHES_1-2PIERRE_P778-783.html,Fichier de lot et journal phase 9; revue fiche par fiche restant à faire,,
P781,"2 Pierre 1:20,21","Aucune prophétie de l'Écriture ne vient d'une interprétation personnelle : des hommes ont parlé de la part de Dieu, portés par l'esprit saint",2 Timothée 3:16 ; 2 Samuel 23:2,Accomplie,20_REGISTRE_PROPHETIES_5.md,FICHE REPÉRÉE — qualité non entièrement réauditée,FICHES_1-2PIERRE_P778-783.html,Fichier de lot et journal phase 9; revue fiche par fiche restant à faire,,
P782,"2 Pierre 3:3,4",Dans les derniers jours viendront des moqueurs disant : où est sa présence promise ?,Depuis 1914 ; accomplissement depuis 1919 sous forme de moqueries publiques,En cours,20_REGISTRE_PROPHETIES_5.md,FICHE REPÉRÉE — qualité non entièrement réauditée,FICHES_1-2PIERRE_P778-783.html,Fichier de lot et journal phase 9; revue fiche par fiche restant à faire,,
P783,"2 Pierre 3:5,6",Le monde d'alors a été détruit par le déluge,"Genèse 7:11,12,21-23 ; Matthieu 24:39",Accomplie,20_REGISTRE_PROPHETIES_5.md,FICHE REPÉRÉE — qualité non entièrement réauditée,FICHES_1-2PIERRE_P778-783.html,Fichier de lot et journal phase 9; revue fiche par fiche restant à faire,,
P784,2 Pierre 3:7,"Les cieux et la terre actuels sont réservés pour le feu, en vue du jour du jugement","À venir ; 2 Thessaloniciens 1:7,8",À venir,20_REGISTRE_PROPHETIES_5.md,FICHE REPÉRÉE — qualité non entièrement réauditée,FICHES_2PIERRE-1JEAN_P784-789.html,Fichier de lot et journal phase 9; revue fiche par fiche restant à faire,,
P785,2 Pierre 3:10,Le jour de Jéhovah viendra comme un voleur ; les cieux passeront avec fracas,À venir,À venir,20_REGISTRE_PROPHETIES_5.md,FICHE REPÉRÉE — qualité non entièrement réauditée,FICHES_2PIERRE-1JEAN_P784-789.html,Fichier de lot et journal phase 9; revue fiche par fiche restant à faire,,
P786,2 Pierre 3:13,"Nous attendons de nouveaux cieux et une nouvelle terre, où la justice habitera",À venir ; Ésaïe 65:17 ; Révélation 21:1,À venir,20_REGISTRE_PROPHETIES_5.md,FICHE REPÉRÉE — qualité non entièrement réauditée,FICHES_2PIERRE-1JEAN_P784-789.html,Fichier de lot et journal phase 9; revue fiche par fiche restant à faire,,
P787,1 Jean 2:18,"Comme vous avez entendu que l'antichrist vient, il y en a déjà beaucoup : à cela nous reconnaissons la dernière heure",Depuis la fin du Ier siècle ; en cours,Accomplie (1er accomplissement) ; En cours,20_REGISTRE_PROPHETIES_5.md,FICHE REPÉRÉE — qualité non entièrement réauditée,FICHES_2PIERRE-1JEAN_P784-789.html,Fichier de lot et journal phase 9; revue fiche par fiche restant à faire,,
P788,1 Jean 3:2,"Nous sommes déjà enfants de Dieu, et ce que nous serons n'a pas encore été manifesté ; nous lui serons semblables",1 Corinthiens 15:49 ; À venir,À venir,20_REGISTRE_PROPHETIES_5.md,FICHE REPÉRÉE — qualité non entièrement réauditée,FICHES_2PIERRE-1JEAN_P784-789.html,Fichier de lot et journal phase 9; revue fiche par fiche restant à faire,,
P789,1 Jean 4:3,"Tout esprit qui ne reconnaît pas Jésus ne vient pas de Dieu : c'est l'esprit de l'antichrist, dont vous avez entendu qu'il vient",Depuis le Ier siècle ; 2 Jean 7,Accomplie (1er accomplissement) ; En cours,20_REGISTRE_PROPHETIES_5.md,FICHE REPÉRÉE — qualité non entièrement réauditée,FICHES_2PIERRE-1JEAN_P784-789.html,Fichier de lot et journal phase 9; revue fiche par fiche restant à faire,,
P790,"Jude 14,15",Hénok : Jéhovah est venu avec ses saintes myriades pour exécuter le jugement sur tous,"À venir ; Matthieu 25:31,32 ; Révélation 19:11-21",À venir,20_REGISTRE_PROPHETIES_5.md,FICHE REPÉRÉE — qualité non entièrement réauditée,FICHES_JUDE-REVELATION_P790-795.html,Fichier de lot et journal phase 9; revue fiche par fiche restant à faire,,
P791,Jude 17-19,"Rappelez-vous : dans les derniers temps il y aura des moqueurs, des gens qui causent des divisions, n'ayant pas d'esprit",Depuis 1914 ; 2 Timothée 3:1-5,En cours,20_REGISTRE_PROPHETIES_5.md,FICHE REPÉRÉE — qualité non entièrement réauditée,FICHES_JUDE-REVELATION_P790-795.html,Fichier de lot et journal phase 9; revue fiche par fiche restant à faire,,
P792,Révélation 1:1,Révélation que Dieu a donnée à Jésus pour montrer à ses esclaves les choses qui doivent arriver bientôt,Rédigée vers 96 de n. è. à Patmos ; accomplissement depuis 1914,En cours,20_REGISTRE_PROPHETIES_5.md,FICHE REPÉRÉE — qualité non entièrement réauditée,FICHES_JUDE-REVELATION_P790-795.html,Fichier de lot et journal phase 9; revue fiche par fiche restant à faire,,
P793,Révélation 1:3,"Heureux celui qui lit à haute voix les paroles de cette prophétie, car le temps fixé est proche",Depuis 1914,En cours,20_REGISTRE_PROPHETIES_5.md,FICHE REPÉRÉE — qualité non entièrement réauditée,FICHES_JUDE-REVELATION_P790-795.html,Fichier de lot et journal phase 9; revue fiche par fiche restant à faire,,
P794,"Révélation 1:10,11",Je fus saisi par l'esprit au jour du Seigneur ; écris à sept congrégations,Depuis 1914 : jour du Seigneur,En cours,20_REGISTRE_PROPHETIES_5.md,FICHE REPÉRÉE — qualité non entièrement réauditée,FICHES_JUDE-REVELATION_P790-795.html,Fichier de lot et journal phase 9; revue fiche par fiche restant à faire,,
P795,Révélation 1:12-16,"Sept porte-lampes d'or, un semblable à un fils d'homme, des cheveux blancs comme laine, des pieds comme cuivre poli, une longue épée à deux tranchants",1914 : présence invisible du Christ,Accomplie (1er accomplissement),20_REGISTRE_PROPHETIES_5.md,FICHE REPÉRÉE — qualité non entièrement réauditée,FICHES_JUDE-REVELATION_P790-795.html,Fichier de lot et journal phase 9; revue fiche par fiche restant à faire,,
P796,"Révélation 1:17,18","Je suis le Premier et le Dernier, et celui qui est vivant ; j'ai les clefs de la mort et du Schéol","33 de n. è. ; Actes 2:27,31",Accomplie,20_REGISTRE_PROPHETIES_5.md,FICHE REPÉRÉE — qualité non entièrement réauditée,FICHES_JUDE-REVELATION_P796-801.html,Fichier de lot et journal phase 9; revue fiche par fiche restant à faire,,
P797,"Révélation 1:19,20","Écris les choses que tu as vues, celles qui sont, et celles qui doivent arriver après elles ; les sept étoiles sont les anges des congrégations",Remploi pour la classe de Jean depuis 1914,En cours,20_REGISTRE_PROPHETIES_5.md,FICHE REPÉRÉE — qualité non entièrement réauditée,FICHES_JUDE-REVELATION_P796-801.html,Fichier de lot et journal phase 9; revue fiche par fiche restant à faire,,
P798,Révélation 2:1-7,Éphèse : tu as abandonné ton premier amour. Au vainqueur : manger de l'arbre de vie dans le paradis de Dieu,Appliqué aux congrégations du Ier siècle et à la condition des oints depuis 1914,Accomplie (1er accomplissement) ; En cours,20_REGISTRE_PROPHETIES_5.md,FICHE REPÉRÉE — qualité non entièrement réauditée,FICHES_JUDE-REVELATION_P796-801.html,Fichier de lot et journal phase 9; revue fiche par fiche restant à faire,,
P799,Révélation 2:8-11,Smyrne : tu subiras la tribulation pendant dix jours. Le vainqueur ne subira pas la mort seconde,Idem,Accomplie (1er accomplissement) ; En cours,20_REGISTRE_PROPHETIES_5.md,FICHE REPÉRÉE — qualité non entièrement réauditée,FICHES_JUDE-REVELATION_P796-801.html,Fichier de lot et journal phase 9; revue fiche par fiche restant à faire,,
P800,Révélation 2:12-17,"Pergame : tu habites là où est le trône de Satan ; tu tolères ceux qui tiennent l'enseignement de Balaam. Au vainqueur : la manne cachée, une pierre blanche et un nom nouveau",Idem,Accomplie (1er accomplissement) ; En cours,20_REGISTRE_PROPHETIES_5.md,FICHE REPÉRÉE — qualité non entièrement réauditée,FICHES_JUDE-REVELATION_P796-801.html,Fichier de lot et journal phase 9; revue fiche par fiche restant à faire,,
P801,Révélation 2:18-29,Thyatire : tu tolères la femme Jézabel. Au vainqueur : autorité sur les nations et l'étoile du matin,Idem,Accomplie (1er accomplissement) ; En cours,20_REGISTRE_PROPHETIES_5.md,FICHE REPÉRÉE — qualité non entièrement réauditée,FICHES_JUDE-REVELATION_P796-801.html,Fichier de lot et journal phase 9; revue fiche par fiche restant à faire,,
P802,Révélation 3:1-6,"Sardes : tu as la réputation d'être vivant, mais tu es mort. Le vainqueur sera vêtu de vêtements blancs et son nom ne sera pas effacé du livre de vie",Idem,Accomplie (1er accomplissement) ; En cours,20_REGISTRE_PROPHETIES_5.md,FICHE REPÉRÉE — qualité non entièrement réauditée,FICHES_JUDE-REVELATION_P802-807.html,Fichier de lot et journal phase 9; revue fiche par fiche restant à faire,,
P803,Révélation 3:7-13,"Philadelphie : j'ai mis devant toi une porte ouverte. Le vainqueur sera une colonne dans le temple, avec le nom de Dieu et la nouvelle Jérusalem",Idem,Accomplie (1er accomplissement) ; En cours,20_REGISTRE_PROPHETIES_5.md,FICHE REPÉRÉE — qualité non entièrement réauditée,FICHES_JUDE-REVELATION_P802-807.html,Fichier de lot et journal phase 9; revue fiche par fiche restant à faire,,
P804,Révélation 3:14-22,Laodicée : tu es tiède. Au vainqueur : s'asseoir avec moi sur mon trône,Idem,Accomplie (1er accomplissement) ; En cours,20_REGISTRE_PROPHETIES_5.md,FICHE REPÉRÉE — qualité non entièrement réauditée,FICHES_JUDE-REVELATION_P802-807.html,Fichier de lot et journal phase 9; revue fiche par fiche restant à faire,,
P805,Révélation 2:5,"Souviens-toi d'où tu es tombé, repens-toi et fais les œuvres d'autrefois",Depuis 1914 : appel à la repentance adressé aux oints,En cours,20_REGISTRE_PROPHETIES_5.md,FICHE REPÉRÉE — qualité non entièrement réauditée,FICHES_JUDE-REVELATION_P802-807.html,Fichier de lot et journal phase 9; revue fiche par fiche restant à faire,,
P806,Révélation 2:10,Sois fidèle jusqu'à la mort et je te donnerai la couronne de vie,Depuis 1914,En cours,20_REGISTRE_PROPHETIES_5.md,FICHE REPÉRÉE — qualité non entièrement réauditée,FICHES_JUDE-REVELATION_P802-807.html,Fichier de lot et journal phase 9; revue fiche par fiche restant à faire,,
P807,Révélation 2:23,"Je suis celui qui scrute les reins et les cœurs, et je vous rendrai à chacun selon vos œuvres",Depuis 1914 ; Jérémie 17:10,En cours,20_REGISTRE_PROPHETIES_5.md,FICHE REPÉRÉE — qualité non entièrement réauditée,FICHES_JUDE-REVELATION_P802-807.html,Fichier de lot et journal phase 9; revue fiche par fiche restant à faire,,
P808,"Révélation 3:2,3","Fortifie les choses qui restent, qui étaient sur le point de mourir",1919 : affermissement de l'œuvre,Accomplie,20_REGISTRE_PROPHETIES_5.md,FICHE REPÉRÉE — qualité non entièrement réauditée,FICHES_JUDE-REVELATION_P808-813.html,Fichier de lot et journal phase 9; revue fiche par fiche restant à faire,,
P809,Révélation 3:10,Je te garderai de l'heure de l'épreuve qui va venir sur la terre habitée,Depuis 1914 : protection durant la grande tribulation,En cours ; À venir,20_REGISTRE_PROPHETIES_5.md,FICHE REPÉRÉE — qualité non entièrement réauditée,FICHES_JUDE-REVELATION_P808-813.html,Fichier de lot et journal phase 9; revue fiche par fiche restant à faire,,
P810,Révélation 3:11,Je viens rapidement. Tiens ferme ce que tu as,Depuis 1914 ; accomplissement final À venir,En cours,20_REGISTRE_PROPHETIES_5.md,FICHE REPÉRÉE — qualité non entièrement réauditée,FICHES_JUDE-REVELATION_P808-813.html,Fichier de lot et journal phase 9; revue fiche par fiche restant à faire,,
P811,Révélation 3:16,"Parce que tu es tiède, je vais te vomir de ma bouche",Depuis 1914 : jugement sur la chrétienté,En cours,20_REGISTRE_PROPHETIES_5.md,FICHE REPÉRÉE — qualité non entièrement réauditée,FICHES_JUDE-REVELATION_P808-813.html,Fichier de lot et journal phase 9; revue fiche par fiche restant à faire,,
P812,Révélation 3:19-21,"Tous ceux que j'aime, je les reprends et les discipline ; voici que je me tiens à la porte et je frappe",Depuis 1914,En cours,20_REGISTRE_PROPHETIES_5.md,FICHE REPÉRÉE — qualité non entièrement réauditée,FICHES_JUDE-REVELATION_P808-813.html,Fichier de lot et journal phase 9; revue fiche par fiche restant à faire,,
P813,Révélation 4:1,"Monte ici, et je te montrerai les choses qui doivent arriver",Depuis 1914 : visions du jour du Seigneur,En cours,20_REGISTRE_PROPHETIES_5.md,FICHE REPÉRÉE — qualité non entièrement réauditée,FICHES_JUDE-REVELATION_P808-813.html,Fichier de lot et journal phase 9; revue fiche par fiche restant à faire,,
P814,Révélation 4:4,"Vingt-quatre anciens assis sur des trônes, vêtus de vêtements blancs, avec des couronnes d'or",Rôle attribué aux 144 000 dans l'administration céleste,En cours,20_REGISTRE_PROPHETIES_5.md,FICHE REPÉRÉE — qualité non entièrement réauditée,FICHES_JUDE-REVELATION_P814-819.html,Fichier de lot et journal phase 9; revue fiche par fiche restant à faire,,
P815,Révélation 4:6-8,"Quatre créatures vivantes pleines d'yeux, disant jour et nuit : saint, saint, saint est Jéhovah",Depuis 1914 : louange céleste,En cours,20_REGISTRE_PROPHETIES_5.md,FICHE REPÉRÉE — qualité non entièrement réauditée,FICHES_JUDE-REVELATION_P814-819.html,Fichier de lot et journal phase 9; revue fiche par fiche restant à faire,,
P816,Révélation 4:11,"Tu es digne, Jéhovah, de recevoir la gloire, car tu as créé toutes choses",Révélation 4:9-10,Accomplie,20_REGISTRE_PROPHETIES_5.md,FICHE REPÉRÉE — qualité non entièrement réauditée,FICHES_JUDE-REVELATION_P814-819.html,Fichier de lot et journal phase 9; revue fiche par fiche restant à faire,,
P817,Révélation 5:2-5,"Qui est digne d'ouvrir le rouleau ? Le lion de la tribu de Juda a vaincu, le rejeton de David","Jésus reçoit le droit d'ouvrir le rouleau : 1914 ; Genèse 49:9,10",Accomplie,20_REGISTRE_PROPHETIES_5.md,FICHE REPÉRÉE — qualité non entièrement réauditée,FICHES_JUDE-REVELATION_P814-819.html,Fichier de lot et journal phase 9; revue fiche par fiche restant à faire,,
P818,"Révélation 5:9,10","Tu as acheté pour Dieu des gens de toute tribu, langue, peuple et nation, pour en faire un royaume et des prêtres",144 000 rachetés ; depuis 33 de n. è. et actuellement,En cours,20_REGISTRE_PROPHETIES_5.md,FICHE REPÉRÉE — qualité non entièrement réauditée,FICHES_JUDE-REVELATION_P814-819.html,Fichier de lot et journal phase 9; revue fiche par fiche restant à faire,,
P819,Révélation 5:13,"Toute créature dans les cieux, sur la terre et sous la terre a loué l'Agneau",À venir lors de la soumission universelle ; Philippiens 2:10,À venir,20_REGISTRE_PROPHETIES_5.md,FICHE REPÉRÉE — qualité non entièrement réauditée,FICHES_JUDE-REVELATION_P814-819.html,Fichier de lot et journal phase 9; revue fiche par fiche restant à faire,,
P820,"Révélation 6:1,2","Premier sceau : un cheval blanc ; le cavalier a un arc, une couronne lui est donnée, il part en vainqueur et pour mener à terme sa victoire","Jésus Christ couronné en 1914, début de sa présence",Accomplie (1914) ; en cours,20_REGISTRE_PROPHETIES_5.md,FICHE REPÉRÉE — qualité non entièrement réauditée,FICHES_JUDE-REVELATION_P820-825.html,Fichier de lot et journal phase 9; revue fiche par fiche restant à faire,,
P821,"Révélation 6:3,4",Deuxième sceau : un cheval couleur de feu ; il lui est donné d'ôter la paix de la terre,"Guerres depuis 1914, dont les deux guerres mondiales",En cours,20_REGISTRE_PROPHETIES_5.md,FICHE REPÉRÉE — qualité non entièrement réauditée,FICHES_JUDE-REVELATION_P820-825.html,Fichier de lot et journal phase 9; revue fiche par fiche restant à faire,,
P822,"Révélation 6:5,6","Troisième sceau : un cheval noir, une balance ; un litre de blé pour un denier",Pénuries alimentaires depuis 1914 ; environ 70 millions de morts par la famine au XXe siècle,En cours,20_REGISTRE_PROPHETIES_5.md,FICHE REPÉRÉE — qualité non entièrement réauditée,FICHES_JUDE-REVELATION_P820-825.html,Fichier de lot et journal phase 9; revue fiche par fiche restant à faire,,
P823,"Révélation 6:7,8","Quatrième sceau : un cheval pâle ; le cavalier a pour nom la Mort, avec autorité sur le quart de la terre","Épidémies, dont la grippe espagnole peu après 1914",En cours,20_REGISTRE_PROPHETIES_5.md,FICHE REPÉRÉE — qualité non entièrement réauditée,FICHES_JUDE-REVELATION_P820-825.html,Fichier de lot et journal phase 9; revue fiche par fiche restant à faire,,
P824,Révélation 6:9-11,Les âmes des égorgés sous l'autel : jusqu'à quand ? Il leur est dit de se reposer encore un peu de temps,Martyrs jusqu'à nos jours ; période d'attente décrite depuis 1914,En cours,20_REGISTRE_PROPHETIES_5.md,FICHE REPÉRÉE — qualité non entièrement réauditée,FICHES_JUDE-REVELATION_P820-825.html,Fichier de lot et journal phase 9; revue fiche par fiche restant à faire,,
P825,Révélation 6:12-14,"Sixième sceau : un grand tremblement de terre, le soleil devient noir, la lune comme du sang, les étoiles tombent",Signes célestes annoncés ; accomplissement final À venir,En cours ; À venir,20_REGISTRE_PROPHETIES_5.md,FICHE REPÉRÉE — qualité non entièrement réauditée,FICHES_JUDE-REVELATION_P820-825.html,Fichier de lot et journal phase 9; revue fiche par fiche restant à faire,,
P826,Révélation 6:15-17,"Les rois et les puissants se cachent et disent : le grand jour de leur colère est venu, qui peut tenir ?",À venir,À venir,20_REGISTRE_PROPHETIES_5.md,FICHE REPÉRÉE — qualité non entièrement réauditée,FICHES_JUDE-REVELATION_P826-831.html,Fichier de lot et journal phase 9; revue fiche par fiche restant à faire,,
P827,Révélation 7:1-3,"Quatre anges retiennent les quatre vents, jusqu'à ce que les esclaves de Dieu soient scellés",Scellement final des 144 000 depuis 1914,En cours,20_REGISTRE_PROPHETIES_5.md,FICHE REPÉRÉE — qualité non entièrement réauditée,FICHES_JUDE-REVELATION_P826-831.html,Fichier de lot et journal phase 9; revue fiche par fiche restant à faire,,
P828,Révélation 8:1,Septième sceau : un silence dans le ciel d'environ une demi-heure,Depuis 1914,En cours,20_REGISTRE_PROPHETIES_5.md,FICHE REPÉRÉE — qualité non entièrement réauditée,FICHES_JUDE-REVELATION_P826-831.html,Fichier de lot et journal phase 9; revue fiche par fiche restant à faire,,
P829,Révélation 6:2,"La couronne est donnée au cavalier, qui part mener sa victoire à terme",1914 : début du règne ; terme lors de Har-Maguédôn,En cours,20_REGISTRE_PROPHETIES_5.md,FICHE REPÉRÉE — qualité non entièrement réauditée,FICHES_JUDE-REVELATION_P826-831.html,Fichier de lot et journal phase 9; revue fiche par fiche restant à faire,,
P830,Révélation 6:8,"Pouvoir de tuer par l'épée, la disette, la plaie meurtrière et les bêtes sauvages",Depuis 1914,En cours,20_REGISTRE_PROPHETIES_5.md,FICHE REPÉRÉE — qualité non entièrement réauditée,FICHES_JUDE-REVELATION_P826-831.html,Fichier de lot et journal phase 9; revue fiche par fiche restant à faire,,
P831,Révélation 6:11,Des longues robes blanches sont données à chacun des martyrs,"Vêtements blancs des oints morts fidèles ; Révélation 7:9,13",En cours,20_REGISTRE_PROPHETIES_5.md,FICHE REPÉRÉE — qualité non entièrement réauditée,FICHES_JUDE-REVELATION_P826-831.html,Fichier de lot et journal phase 9; revue fiche par fiche restant à faire,,
P832,Révélation 7:4-8,"Cent quarante-quatre mille scellés, douze mille de chacune des douze tribus d'Israël spirituel","Rassemblement des oints ; depuis 33 de n. è., scellement final en cours",En cours,20_REGISTRE_PROPHETIES_5.md,FICHE REPÉRÉE — qualité non entièrement réauditée,FICHES_JUDE-REVELATION_P832-836.html,Fichier de lot et journal phase 9; revue fiche par fiche restant à faire,,
P833,"Révélation 7:9,10","Une grande foule que personne ne pouvait compter, de toutes nations, tribus, peuples et langues, devant le trône",Grande foule identifiée depuis 1935,En cours,20_REGISTRE_PROPHETIES_5.md,FICHE REPÉRÉE — qualité non entièrement réauditée,FICHES_JUDE-REVELATION_P832-836.html,Fichier de lot et journal phase 9; revue fiche par fiche restant à faire,,
P834,"Révélation 7:11,12",Les anges et les anciens se prosternent et adorent Dieu,Depuis 1935,En cours,20_REGISTRE_PROPHETIES_5.md,FICHE REPÉRÉE — qualité non entièrement réauditée,FICHES_JUDE-REVELATION_P832-836.html,Fichier de lot et journal phase 9; revue fiche par fiche restant à faire,,
P835,Révélation 7:14,Ce sont ceux qui viennent de la grande tribulation ; ils ont lavé leurs longues robes dans le sang de l'Agneau,À venir : survivants de la grande tribulation,À venir,20_REGISTRE_PROPHETIES_5.md,FICHE REPÉRÉE — qualité non entièrement réauditée,FICHES_JUDE-REVELATION_P832-836.html,Fichier de lot et journal phase 9; revue fiche par fiche restant à faire,,
P836,Révélation 7:15-17,L'Agneau les guidera vers des sources d'eaux de la vie et Dieu essuiera toute larme,"À venir : Révélation 21:3,4",À venir,20_REGISTRE_PROPHETIES_5.md,FICHE REPÉRÉE — qualité non entièrement réauditée,FICHES_JUDE-REVELATION_P832-836.html,Fichier de lot et journal phase 9; revue fiche par fiche restant à faire,,
P837,Révélation 8:2-6,Sept trompettes sont données à sept anges ; l'encens et les prières montent devant Dieu,Depuis 1914,En cours,20_REGISTRE_PROPHETIES_5.md,FICHE REPÉRÉE — qualité non entièrement réauditée,FICHES_JUDE-REVELATION_P837-842.html,Fichier de lot et journal phase 9; revue fiche par fiche restant à faire,,
P838,Révélation 8:7,Première trompette : grêle et feu mêlés de sang ; un tiers de la terre est brûlé,Message de jugement proclamé depuis 1914,En cours,20_REGISTRE_PROPHETIES_5.md,FICHE REPÉRÉE — qualité non entièrement réauditée,FICHES_JUDE-REVELATION_P837-842.html,Fichier de lot et journal phase 9; revue fiche par fiche restant à faire,,
P839,"Révélation 8:8,9",Deuxième trompette : une montagne enflammée est jetée dans la mer ; un tiers des créatures marines meurt,Idem,En cours,20_REGISTRE_PROPHETIES_5.md,FICHE REPÉRÉE — qualité non entièrement réauditée,FICHES_JUDE-REVELATION_P837-842.html,Fichier de lot et journal phase 9; revue fiche par fiche restant à faire,,
P840,"Révélation 8:10,11","Troisième trompette : une grande étoile, Absinthe, tombe sur les sources d'eaux, qui deviennent amères",Idem ; Révélation 9:1,En cours,20_REGISTRE_PROPHETIES_5.md,FICHE REPÉRÉE — qualité non entièrement réauditée,FICHES_JUDE-REVELATION_P837-842.html,Fichier de lot et journal phase 9; revue fiche par fiche restant à faire,,
P841,Révélation 8:12,"Quatrième trompette : un tiers du soleil, de la lune et des étoiles est frappé, et il fait sombre",Idem,En cours,20_REGISTRE_PROPHETIES_5.md,FICHE REPÉRÉE — qualité non entièrement réauditée,FICHES_JUDE-REVELATION_P837-842.html,Fichier de lot et journal phase 9; revue fiche par fiche restant à faire,,
P842,Révélation 8:13,Trois malheurs annoncés par un aigle pour les habitants de la terre,Depuis 1914,En cours,20_REGISTRE_PROPHETIES_5.md,FICHE REPÉRÉE — qualité non entièrement réauditée,FICHES_JUDE-REVELATION_P837-842.html,Fichier de lot et journal phase 9; revue fiche par fiche restant à faire,,
P843,Révélation 9:1-6,Cinquième trompette : sauterelles sortent du puits de l'abîme et tourmentent les hommes cinq mois,Œuvre de proclamation depuis 1919,En cours,20_REGISTRE_PROPHETIES_5.md,FICHE REPÉRÉE — qualité non entièrement réauditée,FICHES_REVELATION_P843-848.html,Fichier de lot et journal phase 9; revue fiche par fiche restant à faire,,
P844,Révélation 9:7-11,"Les sauterelles ressemblent à des chevaux ; elles ont pour roi l'ange de l'abîme, Abaddôn",Idem,En cours,20_REGISTRE_PROPHETIES_5.md,FICHE REPÉRÉE — qualité non entièrement réauditée,FICHES_REVELATION_P843-848.html,Fichier de lot et journal phase 9; revue fiche par fiche restant à faire,,
P845,Révélation 9:13-16,"Sixième trompette : quatre anges retenus près de l'Euphrate sont libérés pour une heure, un jour, un mois et une année",Depuis 1919,En cours,20_REGISTRE_PROPHETIES_5.md,FICHE REPÉRÉE — qualité non entièrement réauditée,FICHES_REVELATION_P843-848.html,Fichier de lot et journal phase 9; revue fiche par fiche restant à faire,,
P846,Révélation 9:17-19,"Les chevaux crachent du feu, de la fumée et du soufre par leur bouche",Idem,En cours,20_REGISTRE_PROPHETIES_5.md,FICHE REPÉRÉE — qualité non entièrement réauditée,FICHES_REVELATION_P843-848.html,Fichier de lot et journal phase 9; revue fiche par fiche restant à faire,,
P847,"Révélation 9:20,21",Les hommes qui n'ont pas été tués ne se sont pas repentis de leurs œuvres et de leurs pratiques spirites,En cours depuis 1919,En cours,20_REGISTRE_PROPHETIES_5.md,FICHE REPÉRÉE — qualité non entièrement réauditée,FICHES_REVELATION_P843-848.html,Fichier de lot et journal phase 9; revue fiche par fiche restant à faire,,
P848,"Révélation 10:1,2","Un ange puissant descend du ciel, un petit rouleau ouvert dans sa main ; il pose le pied sur la mer et sur la terre",Depuis 1914,En cours,20_REGISTRE_PROPHETIES_5.md,FICHE REPÉRÉE — qualité non entièrement réauditée,FICHES_REVELATION_P843-848.html,Fichier de lot et journal phase 9; revue fiche par fiche restant à faire,,
P849,"Révélation 10:3,4",Sept tonnerres font entendre leurs voix ; il est interdit à Jean de les écrire,Depuis 1914,En cours,20_REGISTRE_PROPHETIES_5.md,FICHE REPÉRÉE — qualité non entièrement réauditée,FICHES_REVELATION_P849-854.html,Fichier de lot et journal phase 9; revue fiche par fiche restant à faire,,
P850,"Révélation 10:6,7","Il n'y aura plus de retard ; au son de la septième trompette, le secret sacré de Dieu s'accomplira",Accompli depuis 1914,Accomplie,20_REGISTRE_PROPHETIES_5.md,FICHE REPÉRÉE — qualité non entièrement réauditée,FICHES_REVELATION_P849-854.html,Fichier de lot et journal phase 9; revue fiche par fiche restant à faire,,
P851,Révélation 10:8-11,"Prends le petit rouleau et mange-le : doux dans la bouche, amer dans les entrailles",Proclamation du message de jugement ; Ézéchiel 3:1-3,Accomplie (1er accomplissement) ; En cours,20_REGISTRE_PROPHETIES_5.md,FICHE REPÉRÉE — qualité non entièrement réauditée,FICHES_REVELATION_P849-854.html,Fichier de lot et journal phase 9; revue fiche par fiche restant à faire,,
P852,"Révélation 11:1,2","Mesure le sanctuaire ; la cour est donnée aux nations, qui fouleront la ville sainte 42 mois",Période de 42 mois (1 260 jours) ; de 1914 à 1918-1919,Accomplie,20_REGISTRE_PROPHETIES_5.md,FICHE REPÉRÉE — qualité non entièrement réauditée,FICHES_REVELATION_P849-854.html,Fichier de lot et journal phase 9; revue fiche par fiche restant à faire,,
P853,Révélation 11:3-6,"Mes deux témoins prophétiseront 1 260 jours, vêtus de toiles de sac, avec pouvoir de fermer le ciel et de changer les eaux en sang",Les témoins de Jéhovah oints : de 1914 au 26/27 mars 1918,Accomplie,20_REGISTRE_PROPHETIES_5.md,FICHE REPÉRÉE — qualité non entièrement réauditée,FICHES_REVELATION_P849-854.html,Fichier de lot et journal phase 9; revue fiche par fiche restant à faire,,
P854,Révélation 11:7-10,"Quand ils auront achevé leur témoignage, la bête sauvage leur fera la guerre, les tuera et les laissera sans sépulture trois jours et demi","1918 : interdiction et emprisonnement des responsables ; deuil public de trois jours et demi, jusqu'en mars 1919",Accomplie,20_REGISTRE_PROPHETIES_5.md,FICHE REPÉRÉE — qualité non entièrement réauditée,FICHES_REVELATION_P849-854.html,Fichier de lot et journal phase 9; revue fiche par fiche restant à faire,,
P855,Révélation 11:11-13,"Après trois jours et demi, un esprit de vie venant de Dieu entre en eux ; ils se tiennent debout et montent au ciel dans un nuage","Mars 1919 : libération, acquittement et relance de l'œuvre ; assemblée de Cedar Point en septembre 1919",Accomplie,20_REGISTRE_PROPHETIES_5.md,FICHE REPÉRÉE — qualité non entièrement réauditée,FICHES_REVELATION_P855-860.html,Fichier de lot et journal phase 9; revue fiche par fiche restant à faire,,
P856,Révélation 11:15-19,Septième trompette : le royaume du monde est devenu le Royaume de notre Seigneur et de son Christ ; il régnera pour toujours,Accompli en 1914,Accomplie ; suite À venir,20_REGISTRE_PROPHETIES_5.md,FICHE REPÉRÉE — qualité non entièrement réauditée,FICHES_REVELATION_P855-860.html,Fichier de lot et journal phase 9; revue fiche par fiche restant à faire,,
P857,"Révélation 12:1,2","Une femme revêtue du soleil, la lune sous ses pieds, sur la tête une couronne de douze étoiles ; elle est enceinte et crie","L'organisation céleste de Dieu, symbolisée par Sion",Accomplie,20_REGISTRE_PROPHETIES_5.md,FICHE REPÉRÉE — qualité non entièrement réauditée,FICHES_REVELATION_P855-860.html,Fichier de lot et journal phase 9; revue fiche par fiche restant à faire,,
P858,Révélation 12:5,"Elle met au monde un fils, un mâle, qui doit régner sur toutes les nations avec un sceptre de fer",Jésus Christ intronisé dans le royaume céleste en 1914,Accomplie,20_REGISTRE_PROPHETIES_5.md,FICHE REPÉRÉE — qualité non entièrement réauditée,FICHES_REVELATION_P855-860.html,Fichier de lot et journal phase 9; revue fiche par fiche restant à faire,,
P859,Révélation 12:6,"La femme s'enfuit dans le désert, où elle est nourrie 1 260 jours","Période d'abandon, d'avril 1918 à 1919 ; nourriture spirituelle assurée",Accomplie,20_REGISTRE_PROPHETIES_5.md,FICHE REPÉRÉE — qualité non entièrement réauditée,FICHES_REVELATION_P855-860.html,Fichier de lot et journal phase 9; revue fiche par fiche restant à faire,,
P860,Révélation 12:7-9,"Guerre dans le ciel : Michel et ses anges combattent le dragon ; le dragon est précipité, lui et ses anges",1914 : expulsion de Satan hors du ciel vers la terre,Accomplie,20_REGISTRE_PROPHETIES_5.md,FICHE REPÉRÉE — qualité non entièrement réauditée,FICHES_REVELATION_P855-860.html,Fichier de lot et journal phase 9; revue fiche par fiche restant à faire,,
P861,Révélation 12:10-12,"Malheur à la terre, car le Diable est descendu avec une grande colère, sachant qu'il a un court laps de temps",Depuis 1914,En cours,20_REGISTRE_PROPHETIES_5.md,FICHE REPÉRÉE — qualité non entièrement réauditée,FICHES_REVELATION_P861-866.html,Fichier de lot et journal phase 9; revue fiche par fiche restant à faire,,
P862,Révélation 12:13-16,"Le dragon persécute la femme, mais celle-ci reçoit des ailes et du secours",Depuis 1914 : protection de la congrégation des oints,En cours,20_REGISTRE_PROPHETIES_5.md,FICHE REPÉRÉE — qualité non entièrement réauditée,FICHES_REVELATION_P861-866.html,Fichier de lot et journal phase 9; revue fiche par fiche restant à faire,,
P863,Révélation 12:17,"Le dragon est en colère contre le reste de sa descendance, ceux qui ont le témoignage de Jésus",Depuis 1914 : persécution des oints et de leurs compagnons,En cours,20_REGISTRE_PROPHETIES_5.md,FICHE REPÉRÉE — qualité non entièrement réauditée,FICHES_REVELATION_P861-866.html,Fichier de lot et journal phase 9; revue fiche par fiche restant à faire,,
P864,"Révélation 13:1,2","Une bête monte de la mer : dix cornes et sept têtes, semblable à un léopard, avec des pieds d'ours et une gueule de lion ; le dragon lui donne sa puissance et son trône","Le système politique mondial de la domination humaine ; sept têtes = Égypte, Assyrie, Babylone, Médo-Perse, Grèce, Rome, Puissance anglo-américaine",En cours,20_REGISTRE_PROPHETIES_5.md,FICHE REPÉRÉE — qualité non entièrement réauditée,FICHES_REVELATION_P861-866.html,Fichier de lot et journal phase 9; revue fiche par fiche restant à faire,,
P865,Révélation 13:3,"Une de ses têtes semble frappée à mort, mais sa plaie mortelle est guérie, et la terre entière s'étonne",Blessure et reprise d'activité du pouvoir représenté ; la bête subsiste,En cours,20_REGISTRE_PROPHETIES_5.md,FICHE REPÉRÉE — qualité non entièrement réauditée,FICHES_REVELATION_P861-866.html,Fichier de lot et journal phase 9; revue fiche par fiche restant à faire,,
P866,Révélation 13:4,"Ils adorent le dragon et la bête, disant : qui est semblable à la bête ?",Depuis 1914,En cours,20_REGISTRE_PROPHETIES_5.md,FICHE REPÉRÉE — qualité non entièrement réauditée,FICHES_REVELATION_P861-866.html,Fichier de lot et journal phase 9; revue fiche par fiche restant à faire,,
P867,"Révélation 13:5,6",Il lui est donné une bouche pour proférer des blasphèmes et une autorité de 42 mois,Période de domination depuis 1914,En cours,20_REGISTRE_PROPHETIES_5.md,FICHE REPÉRÉE — qualité non entièrement réauditée,FICHES_REVELATION_P867-872.html,Fichier de lot et journal phase 9; revue fiche par fiche restant à faire,,
P868,"Révélation 13:7,8","Il lui est permis de faire la guerre aux saints et de les vaincre, et toutes les nations l'adorent","Depuis 1914 : persécution, notamment lors des guerres mondiales",En cours,20_REGISTRE_PROPHETIES_5.md,FICHE REPÉRÉE — qualité non entièrement réauditée,FICHES_REVELATION_P867-872.html,Fichier de lot et journal phase 9; revue fiche par fiche restant à faire,,
P869,Révélation 13:8,Tous ceux dont le nom n'est pas écrit dans le rouleau de vie de l'Agneau l'adoreront,Depuis 1914,En cours,20_REGISTRE_PROPHETIES_5.md,FICHE REPÉRÉE — qualité non entièrement réauditée,FICHES_REVELATION_P867-872.html,Fichier de lot et journal phase 9; revue fiche par fiche restant à faire,,
P870,"Révélation 13:9,10","Si quelqu'un doit aller en captivité, il va en captivité ; c'est ici qu'il faut l'endurance et la foi des saints",Depuis 1914,En cours,20_REGISTRE_PROPHETIES_5.md,FICHE REPÉRÉE — qualité non entièrement réauditée,FICHES_REVELATION_P867-872.html,Fichier de lot et journal phase 9; revue fiche par fiche restant à faire,,
P871,Révélation 13:1,Des noms blasphématoires sont inscrits sur les têtes de la bête,Depuis 1914,En cours,20_REGISTRE_PROPHETIES_5.md,FICHE REPÉRÉE — qualité non entièrement réauditée,FICHES_REVELATION_P867-872.html,Fichier de lot et journal phase 9; revue fiche par fiche restant à faire,,
P872,Révélation 13:11,"Une autre bête monte de la terre : deux cornes, comme un agneau, et elle parlait comme un dragon",La Puissance mondiale anglo-américaine,Accomplie (1er accomplissement) ; En cours,20_REGISTRE_PROPHETIES_5.md,FICHE REPÉRÉE — qualité non entièrement réauditée,FICHES_REVELATION_P867-872.html,Fichier de lot et journal phase 9; revue fiche par fiche restant à faire,,
P873,"Révélation 13:12,13",Elle fait descendre du feu du ciel devant les hommes,Depuis la Première Guerre mondiale,En cours,20_REGISTRE_PROPHETIES_5.md,FICHE REPÉRÉE — qualité non entièrement réauditée,FICHES_REVELATION_P873-878.html,Fichier de lot et journal phase 9; revue fiche par fiche restant à faire,,
P874,Révélation 13:14,Elle dit aux habitants de la terre de faire une image de la bête qui a reçu le coup d'épée mais a repris vie,"Société des Nations, dont l'activité commence le 10 janvier 1920 ; puis Organisation des Nations unies",Accomplie (1920),20_REGISTRE_PROPHETIES_5.md,FICHE REPÉRÉE — qualité non entièrement réauditée,FICHES_REVELATION_P873-878.html,Fichier de lot et journal phase 9; revue fiche par fiche restant à faire,,
P875,Révélation 13:15,"Il lui est permis de donner la vie à l'image de la bête, afin que l'image parle et fasse tuer ceux qui refusent de l'adorer","Autorité exercée par l'organisation internationale, notamment par sa Cour internationale de justice",Accomplie ; En cours,20_REGISTRE_PROPHETIES_5.md,FICHE REPÉRÉE — qualité non entièrement réauditée,FICHES_REVELATION_P873-878.html,Fichier de lot et journal phase 9; revue fiche par fiche restant à faire,,
P876,"Révélation 13:16,17","Elle oblige tous les gens, petits et grands, à recevoir une marque sur la main droite ou sur le front, pour ne pouvoir acheter ni vendre","Soutien accordé au système politique ; refus des serviteurs de Dieu, notamment depuis 1919 et 1935",En cours,20_REGISTRE_PROPHETIES_5.md,FICHE REPÉRÉE — qualité non entièrement réauditée,FICHES_REVELATION_P873-878.html,Fichier de lot et journal phase 9; revue fiche par fiche restant à faire,,
P877,Révélation 13:18,Que celui qui est perspicace calcule le nombre de la bête : 666,"Nombre du système politique mondial, identifié comme un échec complet du point de vue de Dieu",Accomplie (identifiée) ; En cours,20_REGISTRE_PROPHETIES_5.md,FICHE REPÉRÉE — qualité non entièrement réauditée,FICHES_REVELATION_P873-878.html,Fichier de lot et journal phase 9; revue fiche par fiche restant à faire,,
P878,Révélation 14:1-3,L'Agneau sur le mont Sion avec les 144 000 portant son nom et celui de son Père ; ils apprennent un chant nouveau,Rassemblement des oints depuis 1919,En cours,20_REGISTRE_PROPHETIES_5.md,FICHE REPÉRÉE — qualité non entièrement réauditée,FICHES_REVELATION_P873-878.html,Fichier de lot et journal phase 9; revue fiche par fiche restant à faire,,
P879,"Révélation 14:4,5",Ceux-là suivent l'Agneau où qu'il aille ; ils sont achetés comme prémices et sans tache,Depuis 33 de n. è.,En cours,20_REGISTRE_PROPHETIES_5.md,FICHE REPÉRÉE — qualité non entièrement réauditée,FICHES_REVELATION_P879-884.html,Fichier de lot et journal phase 9; revue fiche par fiche restant à faire,,
P880,"Révélation 14:6,7","Un ange au milieu du ciel a une bonne nouvelle éternelle à annoncer à toute nation, tribu, langue et peuple",Proclamation mondiale depuis 1914 ; Matthieu 24:14,En cours,20_REGISTRE_PROPHETIES_5.md,FICHE REPÉRÉE — qualité non entièrement réauditée,FICHES_REVELATION_P879-884.html,Fichier de lot et journal phase 9; revue fiche par fiche restant à faire,,
P881,Révélation 14:8,"Elle est tombée, Babylone la Grande, qui a fait boire aux nations le vin de sa fornication",Affaiblissement de la fausse religion depuis 1919 ; ruine définitive À venir,Accomplie (1er accomplissement) ; À venir,20_REGISTRE_PROPHETIES_5.md,FICHE REPÉRÉE — qualité non entièrement réauditée,FICHES_REVELATION_P879-884.html,Fichier de lot et journal phase 9; revue fiche par fiche restant à faire,,
P882,Révélation 14:9-11,Ceux qui adorent la bête et son image boiront du vin de la colère de Dieu,À venir,À venir,20_REGISTRE_PROPHETIES_5.md,FICHE REPÉRÉE — qualité non entièrement réauditée,FICHES_REVELATION_P879-884.html,Fichier de lot et journal phase 9; revue fiche par fiche restant à faire,,
P883,Révélation 14:12,"C'est ici qu'il faut l'endurance des saints, qui observent les commandements de Dieu et la foi de Jésus",Depuis 1914,En cours,20_REGISTRE_PROPHETIES_5.md,FICHE REPÉRÉE — qualité non entièrement réauditée,FICHES_REVELATION_P879-884.html,Fichier de lot et journal phase 9; revue fiche par fiche restant à faire,,
P884,Révélation 14:13,Heureux dès maintenant les morts qui meurent en union avec le Seigneur ; leurs œuvres les suivent,Depuis 1914,En cours,20_REGISTRE_PROPHETIES_5.md,FICHE REPÉRÉE — qualité non entièrement réauditée,FICHES_REVELATION_P879-884.html,Fichier de lot et journal phase 9; revue fiche par fiche restant à faire,,
P885,Révélation 14:14-16,Le Fils de l'homme assis sur une nuée blanche lance sa faucille : la moisson de la terre est faite,Moisson depuis 1914-1919 ; Matthieu 13:39,En cours,20_REGISTRE_PROPHETIES_5.md,FICHE REPÉRÉE — qualité non entièrement réauditée,FICHES_REVELATION_P885-890.html,Fichier de lot et journal phase 9; revue fiche par fiche restant à faire,,
P886,Révélation 14:17-20,La vendange est jetée dans le grand pressoir de la colère de Dieu ; le sang monte à la hauteur des freins des chevaux,À venir ; Har-Maguédôn ; Ésaïe 63:3,À venir,20_REGISTRE_PROPHETIES_5.md,FICHE REPÉRÉE — qualité non entièrement réauditée,FICHES_REVELATION_P885-890.html,Fichier de lot et journal phase 9; revue fiche par fiche restant à faire,,
P887,Révélation 15:1,"Sept anges avec sept dernières plaies, car en elles la colère de Dieu est achevée",À venir,À venir,20_REGISTRE_PROPHETIES_5.md,FICHE REPÉRÉE — qualité non entièrement réauditée,FICHES_REVELATION_P885-890.html,Fichier de lot et journal phase 9; revue fiche par fiche restant à faire,,
P888,Révélation 15:2-4,Ceux qui ont vaincu la bête se tiennent sur une mer de verre et chantent le chant de Moïse et de l'Agneau,À venir : célébration des vainqueurs,À venir,20_REGISTRE_PROPHETIES_5.md,FICHE REPÉRÉE — qualité non entièrement réauditée,FICHES_REVELATION_P885-890.html,Fichier de lot et journal phase 9; revue fiche par fiche restant à faire,,
P889,Révélation 15:5-8,Le sanctuaire s'ouvre et s'emplit de fumée ; personne ne peut entrer jusqu'à ce que les sept plaies soient achevées,À venir,À venir,20_REGISTRE_PROPHETIES_5.md,FICHE REPÉRÉE — qualité non entièrement réauditée,FICHES_REVELATION_P885-890.html,Fichier de lot et journal phase 9; revue fiche par fiche restant à faire,,
P890,"Révélation 16:1,2",Premier bol : un ulcère douloureux sur les hommes qui ont la marque de la bête,À venir,À venir,20_REGISTRE_PROPHETIES_5.md,FICHE REPÉRÉE — qualité non entièrement réauditée,FICHES_REVELATION_P885-890.html,Fichier de lot et journal phase 9; revue fiche par fiche restant à faire,,
P891,Révélation 16:3,"Deuxième bol : la mer devient comme du sang, et toute âme vivante dans la mer meurt",À venir,À venir,20_REGISTRE_PROPHETIES_5.md,FICHE REPÉRÉE — qualité non entièrement réauditée,FICHES_REVELATION_P891-896.html,Fichier de lot et journal phase 9; revue fiche par fiche restant à faire,,
P892,Révélation 16:4-7,Troisième bol : les fleuves et les sources deviennent du sang ; l'ange des eaux déclare justes les jugements de Dieu,À venir,À venir,20_REGISTRE_PROPHETIES_5.md,FICHE REPÉRÉE — qualité non entièrement réauditée,FICHES_REVELATION_P891-896.html,Fichier de lot et journal phase 9; revue fiche par fiche restant à faire,,
P893,"Révélation 16:8,9","Quatrième bol : le soleil brûle les hommes par le feu, et ils blasphèment sans se repentir",À venir,À venir,20_REGISTRE_PROPHETIES_5.md,FICHE REPÉRÉE — qualité non entièrement réauditée,FICHES_REVELATION_P891-896.html,Fichier de lot et journal phase 9; revue fiche par fiche restant à faire,,
P894,"Révélation 16:10,11","Cinquième bol : le royaume de la bête devient ténèbres, et les hommes se mordent la langue de douleur",À venir,À venir,20_REGISTRE_PROPHETIES_5.md,FICHE REPÉRÉE — qualité non entièrement réauditée,FICHES_REVELATION_P891-896.html,Fichier de lot et journal phase 9; revue fiche par fiche restant à faire,,
P895,Révélation 16:12,Sixième bol : l'Euphrate est asséché pour préparer le chemin des rois venant de l'orient,À venir,À venir,20_REGISTRE_PROPHETIES_5.md,FICHE REPÉRÉE — qualité non entièrement réauditée,FICHES_REVELATION_P891-896.html,Fichier de lot et journal phase 9; revue fiche par fiche restant à faire,,
P896,Révélation 16:13-16,Trois esprits impurs rassemblent les rois de la terre pour la guerre du grand jour de Dieu : Har-Maguédôn,À venir,À venir,20_REGISTRE_PROPHETIES_5.md,FICHE REPÉRÉE — qualité non entièrement réauditée,FICHES_REVELATION_P891-896.html,Fichier de lot et journal phase 9; revue fiche par fiche restant à faire,,
P897,Révélation 16:17-21,"Septième bol : C'est fait ! Éclairs, tonnerres, le plus grand tremblement de terre ; une grande grêle tombe, et les hommes blasphèment",À venir,À venir,20_REGISTRE_PROPHETIES_5.md,FICHE REPÉRÉE — qualité non entièrement réauditée,FICHES_REVELATION_P897-902.html,Fichier de lot et journal phase 9; revue fiche par fiche restant à faire,,
P898,"Révélation 17:1,2","La grande prostituée assise sur les grandes eaux, avec qui les rois de la terre ont commis la fornication",La fausse religion et son influence sur les dirigeants,En cours,20_REGISTRE_PROPHETIES_5.md,FICHE REPÉRÉE — qualité non entièrement réauditée,FICHES_REVELATION_P897-902.html,Fichier de lot et journal phase 9; revue fiche par fiche restant à faire,,
P899,"Révélation 17:3,4","Une femme assise sur une bête écarlate, pleine de noms blasphématoires, avec sept têtes et dix cornes, vêtue de pourpre et d'écarlate","L'image de la bête, c'est-à-dire l'organisation internationale pour la paix et la sécurité",En cours,20_REGISTRE_PROPHETIES_5.md,FICHE REPÉRÉE — qualité non entièrement réauditée,FICHES_REVELATION_P897-902.html,Fichier de lot et journal phase 9; revue fiche par fiche restant à faire,,
P900,Révélation 17:5,"Sur son front : Babylone la Grande, la mère des prostituées et des choses répugnantes de la terre",Identification de l'empire mondial de la fausse religion,Accomplie (identifiée),20_REGISTRE_PROPHETIES_5.md,FICHE REPÉRÉE — qualité non entièrement réauditée,FICHES_REVELATION_P897-902.html,Fichier de lot et journal phase 9; revue fiche par fiche restant à faire,,
P901,Révélation 17:6,La femme est ivre du sang des saints et du sang des témoins de Jésus,"Persécution religieuse à travers les siècles, jusqu'à nos jours",En cours,20_REGISTRE_PROPHETIES_5.md,FICHE REPÉRÉE — qualité non entièrement réauditée,FICHES_REVELATION_P897-902.html,Fichier de lot et journal phase 9; revue fiche par fiche restant à faire,,
P902,Révélation 17:8,"La bête était, n'est pas, et pourtant sera présente : un huitième roi issu des sept","L'image de la bête : apparue en 1920, disparue, puis réapparue ; huitième puissance mondiale",Accomplie (1er accomplissement) ; En cours,20_REGISTRE_PROPHETIES_5.md,FICHE REPÉRÉE — qualité non entièrement réauditée,FICHES_REVELATION_P897-902.html,Fichier de lot et journal phase 9; revue fiche par fiche restant à faire,,
P903,Révélation 17:9-11,"Les sept têtes sont sept rois : cinq sont tombés, l'un est, l'autre n'est pas encore venu, et il doit rester un peu de temps","Égypte, Assyrie, Babylone, Médo-Perse, Grèce, Rome, Puissance anglo-américaine",En cours,20_REGISTRE_PROPHETIES_5.md,FICHE REPÉRÉE — qualité non entièrement réauditée,FICHES_REVELATION_P903-908.html,Fichier de lot et journal phase 9; revue fiche par fiche restant à faire,,
P904,Révélation 17:12-14,Dix cornes : dix rois qui donnent leur pouvoir à la bête et font la guerre à l'Agneau ; l'Agneau les vaincra,À venir : coalition hostile au Royaume ; Révélation 19:19-21,À venir,20_REGISTRE_PROPHETIES_5.md,FICHE REPÉRÉE — qualité non entièrement réauditée,FICHES_REVELATION_P903-908.html,Fichier de lot et journal phase 9; revue fiche par fiche restant à faire,,
P905,"Révélation 17:15,16","Les grandes eaux : peuples, foules, nations et langues. Les dix cornes haïront la prostituée, la dévasteront et la brûleront",À venir : destruction de Babylone la Grande par les éléments politiques,À venir,20_REGISTRE_PROPHETIES_5.md,FICHE REPÉRÉE — qualité non entièrement réauditée,FICHES_REVELATION_P903-908.html,Fichier de lot et journal phase 9; revue fiche par fiche restant à faire,,
P906,Révélation 17:17,"Dieu a mis dans leur cœur d'exécuter sa pensée en donnant leur royaume à la bête, jusqu'à ce que les paroles de Dieu soient accomplies",À venir,À venir,20_REGISTRE_PROPHETIES_5.md,FICHE REPÉRÉE — qualité non entièrement réauditée,FICHES_REVELATION_P903-908.html,Fichier de lot et journal phase 9; revue fiche par fiche restant à faire,,
P907,"Révélation 18:1,2",Elle est tombée ! Babylone la Grande est devenue une demeure de démons,Affaiblissement depuis 1919 ; ruine finale à venir,Accomplie (1er accomplissement) ; À venir,20_REGISTRE_PROPHETIES_5.md,FICHE REPÉRÉE — qualité non entièrement réauditée,FICHES_REVELATION_P903-908.html,Fichier de lot et journal phase 9; revue fiche par fiche restant à faire,,
P908,Révélation 18:3,"Les nations ont bu le vin de sa fornication, et les marchands se sont enrichis de son luxe",En cours,En cours,20_REGISTRE_PROPHETIES_5.md,FICHE REPÉRÉE — qualité non entièrement réauditée,FICHES_REVELATION_P903-908.html,Fichier de lot et journal phase 9; revue fiche par fiche restant à faire,,
P909,"Révélation 18:4,5","Sortez d'elle, mon peuple, si vous ne voulez pas participer à ses péchés ni recevoir de ses plaies",Appel en cours depuis 1919,En cours,20_REGISTRE_PROPHETIES_5.md,FICHE REPÉRÉE — qualité non entièrement réauditée,FICHES_REVELATION_P909-914.html,Fichier de lot et journal phase 9; revue fiche par fiche restant à faire,,
P910,Révélation 18:6-8,"Rendez-lui le double de ses œuvres : en un seul jour viendront ses plaies, la mort et le deuil",À venir,À venir,20_REGISTRE_PROPHETIES_5.md,FICHE REPÉRÉE — qualité non entièrement réauditée,FICHES_REVELATION_P909-914.html,Fichier de lot et journal phase 9; revue fiche par fiche restant à faire,,
P911,Révélation 18:9-11,Les rois de la terre et les marchands pleurent et se lamentent sur elle,À venir,À venir,20_REGISTRE_PROPHETIES_5.md,FICHE REPÉRÉE — qualité non entièrement réauditée,FICHES_REVELATION_P909-914.html,Fichier de lot et journal phase 9; revue fiche par fiche restant à faire,,
P912,Révélation 18:12-17,"Cargaison d'or, d'argent, de pierres précieuses, d'ivoire, de bois parfumés, d'esclaves et d'âmes humaines",Description du commerce mondial lié à Babylone la Grande,En cours,20_REGISTRE_PROPHETIES_5.md,FICHE REPÉRÉE — qualité non entièrement réauditée,FICHES_REVELATION_P909-914.html,Fichier de lot et journal phase 9; revue fiche par fiche restant à faire,,
P913,Révélation 18:17-19,Les marins et les passagers se tiennent à distance et jettent de la poussière sur leur tête,À venir,À venir,20_REGISTRE_PROPHETIES_5.md,FICHE REPÉRÉE — qualité non entièrement réauditée,FICHES_REVELATION_P909-914.html,Fichier de lot et journal phase 9; revue fiche par fiche restant à faire,,
P914,Révélation 18:20,"Réjouissez-vous sur elle, cieux, saints, apôtres et prophètes, car Dieu a jugé en votre faveur",À venir,À venir,20_REGISTRE_PROPHETIES_5.md,FICHE REPÉRÉE — qualité non entièrement réauditée,FICHES_REVELATION_P909-914.html,Fichier de lot et journal phase 9; revue fiche par fiche restant à faire,,
P915,"Révélation 18:21,22","Une pierre semblable à une grande meule est jetée dans la mer : ainsi Babylone sera précipitée, et on ne la trouvera plus jamais","À venir ; Jérémie 51:63,64",À venir,20_REGISTRE_PROPHETIES_5.md,FICHE REPÉRÉE — qualité non entièrement réauditée,FICHES_REVELATION_P915-920.html,Fichier de lot et journal phase 9; revue fiche par fiche restant à faire,,
P916,"Révélation 18:23,24","En elle a été trouvé le sang des prophètes, des saints et de tous ceux qui ont été égorgés sur la terre",En cours ; accomplissement final À venir,En cours ; À venir,20_REGISTRE_PROPHETIES_5.md,FICHE REPÉRÉE — qualité non entièrement réauditée,FICHES_REVELATION_P915-920.html,Fichier de lot et journal phase 9; revue fiche par fiche restant à faire,,
P917,"Révélation 19:1,2","Louez Jah ! Le salut et la gloire appartiennent à Dieu, car il a jugé la grande prostituée",À venir : après la destruction de Babylone la Grande,À venir,20_REGISTRE_PROPHETIES_5.md,FICHE REPÉRÉE — qualité non entièrement réauditée,FICHES_REVELATION_P915-920.html,Fichier de lot et journal phase 9; revue fiche par fiche restant à faire,,
P918,Révélation 19:6-8,"Réjouissons-nous : les noces de l'Agneau sont venues, et son épouse s'est préparée",À venir : union du Christ avec les 144 000,À venir,20_REGISTRE_PROPHETIES_5.md,FICHE REPÉRÉE — qualité non entièrement réauditée,FICHES_REVELATION_P915-920.html,Fichier de lot et journal phase 9; revue fiche par fiche restant à faire,,
P919,Révélation 19:9,Heureux ceux qui sont invités au repas du mariage de l'Agneau,À venir,À venir,20_REGISTRE_PROPHETIES_5.md,FICHE REPÉRÉE — qualité non entièrement réauditée,FICHES_REVELATION_P915-920.html,Fichier de lot et journal phase 9; revue fiche par fiche restant à faire,,
P920,Révélation 19:10,Le témoignage de Jésus est l'esprit de la prophétie,Depuis 33 de n. è.,Accomplie,20_REGISTRE_PROPHETIES_5.md,FICHE REPÉRÉE — qualité non entièrement réauditée,FICHES_REVELATION_P915-920.html,Fichier de lot et journal phase 9; revue fiche par fiche restant à faire,,
P921,Révélation 19:11,"Le ciel s'ouvre : un cheval blanc ; celui qui est assis dessus s'appelle Fidèle et Vrai, et il juge et fait la guerre avec justice","Har-Maguédôn : la guerre du grand jour de Dieu le Tout-Puissant, après la destruction de Babylone la Grande",À venir,21_REGISTRE_PROPHETIES_6.md,FICHE REPÉRÉE — qualité non entièrement réauditée,FICHES_REVELATION_P921-926.html,Fichier de lot et journal phase 9; revue fiche par fiche restant à faire,,
P922,Révélation 19:12,"Ses yeux sont une flamme de feu, sur sa tête de nombreux diadèmes ; un nom écrit que personne ne connaît sauf lui",À venir,À venir,21_REGISTRE_PROPHETIES_6.md,FICHE REPÉRÉE — qualité non entièrement réauditée,FICHES_REVELATION_P921-926.html,Fichier de lot et journal phase 9; revue fiche par fiche restant à faire,,
P923,Révélation 19:13,"Il est habillé d'un vêtement de dessus taché de sang, et son nom est appelé La Parole de Dieu","À venir ; Jean 1:1,14",À venir,21_REGISTRE_PROPHETIES_6.md,FICHE REPÉRÉE — qualité non entièrement réauditée,FICHES_REVELATION_P921-926.html,Fichier de lot et journal phase 9; revue fiche par fiche restant à faire,,
P924,Révélation 19:14,"Les armées célestes, habillées de fin lin blanc et pur, le suivent sur des chevaux blancs",À venir ; Matthieu 26:53,À venir,21_REGISTRE_PROPHETIES_6.md,FICHE REPÉRÉE — qualité non entièrement réauditée,FICHES_REVELATION_P921-926.html,Fichier de lot et journal phase 9; revue fiche par fiche restant à faire,,
P925,Révélation 19:15,De sa bouche sort une longue épée aiguisée pour frapper les nations ; il les mènera avec un bâton de fer et foule le pressoir de la colère de Dieu,À venir ; Ésaïe 63:3 ; Psaume 2:9,À venir,21_REGISTRE_PROPHETIES_6.md,FICHE REPÉRÉE — qualité non entièrement réauditée,FICHES_REVELATION_P921-926.html,Fichier de lot et journal phase 9; revue fiche par fiche restant à faire,,
P926,Révélation 19:16,"Sur son vêtement de dessus, sur sa cuisse, un nom écrit : Roi des rois et Seigneur des seigneurs",À venir ; 1 Timothée 6:15,À venir,21_REGISTRE_PROPHETIES_6.md,FICHE REPÉRÉE — qualité non entièrement réauditée,FICHES_REVELATION_P921-926.html,Fichier de lot et journal phase 9; revue fiche par fiche restant à faire,,
P927,"Révélation 19:17,18","Un ange crie à tous les oiseaux : venez au grand repas de Dieu, manger la chair des rois et des puissants",À venir,À venir,21_REGISTRE_PROPHETIES_6.md,FICHE REPÉRÉE — qualité non entièrement réauditée,FICHES_REVELATION_P927-932.html,Fichier de lot et journal phase 9; revue fiche par fiche restant à faire,,
P928,Révélation 19:19,"La bête sauvage, les rois de la terre et leurs armées sont rassemblés pour faire la guerre à celui qui est assis sur le cheval et à son armée",Rassemblement décrit en Révélation 16:13-16 (Har-Maguédôn),À venir,21_REGISTRE_PROPHETIES_6.md,FICHE REPÉRÉE — qualité non entièrement réauditée,FICHES_REVELATION_P927-932.html,Fichier de lot et journal phase 9; revue fiche par fiche restant à faire,,
P929,Révélation 19:20,La bête sauvage et le faux prophète sont saisis et jetés vivants dans le lac de feu qui brûle avec du soufre,À venir ; destruction du système politique et de la fausse religion,À venir,21_REGISTRE_PROPHETIES_6.md,FICHE REPÉRÉE — qualité non entièrement réauditée,FICHES_REVELATION_P927-932.html,Fichier de lot et journal phase 9; revue fiche par fiche restant à faire,,
P930,Révélation 19:21,"Les autres sont tués par la longue épée sortant de la bouche du cavalier, et tous les oiseaux se rassasient",À venir,À venir,21_REGISTRE_PROPHETIES_6.md,FICHE REPÉRÉE — qualité non entièrement réauditée,FICHES_REVELATION_P927-932.html,Fichier de lot et journal phase 9; revue fiche par fiche restant à faire,,
P931,Révélation 20:1-3,"Un ange saisit le dragon, le serpent originel, qui est le Diable et Satan, et le jette dans l'abîme pour mille ans","À venir, après Har-Maguédôn",À venir,21_REGISTRE_PROPHETIES_6.md,FICHE REPÉRÉE — qualité non entièrement réauditée,FICHES_REVELATION_P927-932.html,Fichier de lot et journal phase 9; revue fiche par fiche restant à faire,,
P932,Révélation 20:3,"L'abîme est fermé et scellé sur lui, pour qu'il n'égare plus les nations jusqu'à l'achèvement des mille ans ; après quoi il doit être relâché pour un peu de temps",À venir,À venir,21_REGISTRE_PROPHETIES_6.md,FICHE REPÉRÉE — qualité non entièrement réauditée,FICHES_REVELATION_P927-932.html,Fichier de lot et journal phase 9; revue fiche par fiche restant à faire,,
P933,Révélation 20:4,"Des trônes, et ceux qui s'y sont assis reçoivent le pouvoir de juger ; ceux exécutés pour le témoignage de Jésus et pour la parole de Dieu revivent",À venir ; Révélation 14:1-3 ; Daniel 7:22,À venir,21_REGISTRE_PROPHETIES_6.md,FICHE REPÉRÉE — qualité non entièrement réauditée,FICHES_REVELATION_P933-938.html,Fichier de lot et journal phase 9; revue fiche par fiche restant à faire,,
P934,Révélation 20:4,Ils ont pris vie et ont régné avec le Christ pendant mille ans,À venir ; 2 Timothée 2:12,À venir,21_REGISTRE_PROPHETIES_6.md,FICHE REPÉRÉE — qualité non entièrement réauditée,FICHES_REVELATION_P933-938.html,Fichier de lot et journal phase 9; revue fiche par fiche restant à faire,,
P935,Révélation 20:5,Le reste des morts ne vint pas à la vie jusqu'à ce que les mille ans fussent terminés : c'est la première résurrection,À venir,À venir,21_REGISTRE_PROPHETIES_6.md,FICHE REPÉRÉE — qualité non entièrement réauditée,FICHES_REVELATION_P933-938.html,Fichier de lot et journal phase 9; revue fiche par fiche restant à faire,,
P936,Révélation 20:6,"Heureux et saint quiconque a part à la première résurrection : sur ceux-là la seconde mort n'a pas de pouvoir, mais ils seront prêtres de Dieu et du Christ",À venir,À venir,21_REGISTRE_PROPHETIES_6.md,FICHE REPÉRÉE — qualité non entièrement réauditée,FICHES_REVELATION_P933-938.html,Fichier de lot et journal phase 9; revue fiche par fiche restant à faire,,
P937,"Révélation 20:7,8","Dès que les mille ans sont terminés, Satan est délié et sort pour égarer les nations aux quatre coins de la terre, Gog et Magog, dont le nombre est comme le sable de la mer",À venir,À venir,21_REGISTRE_PROPHETIES_6.md,FICHE REPÉRÉE — qualité non entièrement réauditée,FICHES_REVELATION_P933-938.html,Fichier de lot et journal phase 9; revue fiche par fiche restant à faire,,
P938,Révélation 20:9,Ils montent sur la largeur de la terre et encerclent le camp des saints et la ville bien-aimée,À venir,À venir,21_REGISTRE_PROPHETIES_6.md,FICHE REPÉRÉE — qualité non entièrement réauditée,FICHES_REVELATION_P933-938.html,Fichier de lot et journal phase 9; revue fiche par fiche restant à faire,,
P939,"Révélation 20:9,10","Un feu descend du ciel et les consume ; le Diable qui les égarait est jeté dans le lac de feu et de soufre, où se trouvent déjà la bête sauvage et le faux prophète, et ils seront tourmentés jour et nuit à tout jamais",À venir : écrasement définitif du serpent selon Genèse 3:15,À venir,21_REGISTRE_PROPHETIES_6.md,FICHE REPÉRÉE — qualité non entièrement réauditée,FICHES_REVELATION_P939-944.html,Fichier de lot et journal phase 9; revue fiche par fiche restant à faire,,
P940,Révélation 20:11,"Un grand trône blanc, et celui qui y est assis ; la terre et le ciel s'enfuient devant lui",À venir : le jour du jugement de mille ans ; Jean 5:22,À venir,21_REGISTRE_PROPHETIES_6.md,FICHE REPÉRÉE — qualité non entièrement réauditée,FICHES_REVELATION_P939-944.html,Fichier de lot et journal phase 9; revue fiche par fiche restant à faire,,
P941,Révélation 20:12,"Les livres sont ouverts, et un autre livre est ouvert, le rouleau de vie ; les morts sont jugés selon leurs œuvres, d'après ce qui est écrit dans les livres",À venir,À venir,21_REGISTRE_PROPHETIES_6.md,FICHE REPÉRÉE — qualité non entièrement réauditée,FICHES_REVELATION_P939-944.html,Fichier de lot et journal phase 9; revue fiche par fiche restant à faire,,
P942,Révélation 20:13,"La mer rendit les morts qui s'y trouvaient, et la mort et le Schéol rendirent leurs morts, et ils furent jugés chacun selon ses œuvres",À venir,À venir,21_REGISTRE_PROPHETIES_6.md,FICHE REPÉRÉE — qualité non entièrement réauditée,FICHES_REVELATION_P939-944.html,Fichier de lot et journal phase 9; revue fiche par fiche restant à faire,,
P943,Révélation 20:14,La mort et le Schéol sont jetés dans le lac de feu : cette seconde mort est le lac de feu,À venir ; 1 Corinthiens 15:26,À venir,21_REGISTRE_PROPHETIES_6.md,FICHE REPÉRÉE — qualité non entièrement réauditée,FICHES_REVELATION_P939-944.html,Fichier de lot et journal phase 9; revue fiche par fiche restant à faire,,
P944,Révélation 20:15,Quiconque ne fut pas trouvé écrit dans le rouleau de vie fut jeté dans le lac de feu,À venir,À venir,21_REGISTRE_PROPHETIES_6.md,FICHE REPÉRÉE — qualité non entièrement réauditée,FICHES_REVELATION_P939-944.html,Fichier de lot et journal phase 9; revue fiche par fiche restant à faire,,
P945,Révélation 21:1,De nouveaux cieux et une nouvelle terre ; la mer n'est plus,À venir ; Ésaïe 65:17 ; 2 Pierre 3:13,À venir,21_REGISTRE_PROPHETIES_6.md,FICHE REPÉRÉE — qualité non entièrement réauditée,FICHES_REVELATION_P945-950.html,Fichier de lot et journal phase 9; revue fiche par fiche restant à faire,,
P946,Révélation 21:2,"La ville sainte, la Nouvelle Jérusalem, descend du ciel d'auprès de Dieu, préparée comme une épouse parée pour son mari",À venir,À venir,21_REGISTRE_PROPHETIES_6.md,FICHE REPÉRÉE — qualité non entièrement réauditée,FICHES_REVELATION_P945-950.html,Fichier de lot et journal phase 9; revue fiche par fiche restant à faire,,
P947,Révélation 21:3,"La tente de Dieu est avec les humains ; il résidera avec eux, ils seront ses peuples, et Dieu lui-même sera avec eux","À venir ; Lévitique 26:11,12",À venir,21_REGISTRE_PROPHETIES_6.md,FICHE REPÉRÉE — qualité non entièrement réauditée,FICHES_REVELATION_P945-950.html,Fichier de lot et journal phase 9; revue fiche par fiche restant à faire,,
P948,Révélation 21:4,"Il essuiera toute larme de leurs yeux ; la mort n'existera plus, il n'y aura plus ni deuil, ni cri, ni douleur ; les choses anciennes ont disparu",À venir ; Ésaïe 25:8 ; Révélation 7:17,À venir,21_REGISTRE_PROPHETIES_6.md,FICHE REPÉRÉE — qualité non entièrement réauditée,FICHES_REVELATION_P945-950.html,Fichier de lot et journal phase 9; revue fiche par fiche restant à faire,,
P949,Révélation 21:5-7,"Celui qui est assis sur le trône dit : voici, je fais toutes choses nouvelles ; écris, car ces paroles sont fidèles et vraies ; au vainqueur je donnerai gratuitement de l'eau de la vie",À venir,À venir,21_REGISTRE_PROPHETIES_6.md,FICHE REPÉRÉE — qualité non entièrement réauditée,FICHES_REVELATION_P945-950.html,Fichier de lot et journal phase 9; revue fiche par fiche restant à faire,,
P950,Révélation 21:8,"Les lâches, les incrédules, les pratiquants de choses répugnantes auront leur part dans le lac de feu : la seconde mort",À venir,À venir,21_REGISTRE_PROPHETIES_6.md,FICHE REPÉRÉE — qualité non entièrement réauditée,FICHES_REVELATION_P945-950.html,Fichier de lot et journal phase 9; revue fiche par fiche restant à faire,,
P951,Révélation 21:9-11,"L'épouse, la ville sainte, la Nouvelle Jérusalem, resplendit de la gloire de Dieu et de sa lumière comme une pierre de jaspe",À venir,À venir,21_REGISTRE_PROPHETIES_6.md,FICHE REPÉRÉE — qualité non entièrement réauditée,FICHES_REVELATION_P951-956.html,Fichier de lot et journal phase 9; revue fiche par fiche restant à faire,,
P952,"Révélation 21:12,13","Une muraille grande et haute, douze portes gardées par douze anges portant les noms des douze tribus des fils d'Israël : est, nord, sud et ouest",À venir,À venir,21_REGISTRE_PROPHETIES_6.md,FICHE REPÉRÉE — qualité non entièrement réauditée,FICHES_REVELATION_P951-956.html,Fichier de lot et journal phase 9; revue fiche par fiche restant à faire,,
P953,Révélation 21:14,"La muraille de la ville a douze pierres de fondement, sur lesquelles sont les douze noms des douze apôtres de l'Agneau",À venir ; Éphésiens 2:20,À venir,21_REGISTRE_PROPHETIES_6.md,FICHE REPÉRÉE — qualité non entièrement réauditée,FICHES_REVELATION_P951-956.html,Fichier de lot et journal phase 9; revue fiche par fiche restant à faire,,
P954,Révélation 21:15-17,"L'ange mesure la ville avec un roseau : douze mille stades ; la muraille a cent quarante-quatre coudées, mesure d'homme, qui est aussi mesure d'ange",À venir,À venir,21_REGISTRE_PROPHETIES_6.md,FICHE REPÉRÉE — qualité non entièrement réauditée,FICHES_REVELATION_P951-956.html,Fichier de lot et journal phase 9; revue fiche par fiche restant à faire,,
P955,Révélation 21:18-21,"La muraille est de jaspe, la ville d'or pur semblable à du verre pur ; les fondements sont ornés de toutes sortes de pierres précieuses ; les douze portes sont douze perles",À venir,À venir,21_REGISTRE_PROPHETIES_6.md,FICHE REPÉRÉE — qualité non entièrement réauditée,FICHES_REVELATION_P951-956.html,Fichier de lot et journal phase 9; revue fiche par fiche restant à faire,,
P956,"Révélation 21:22,23","Je n'ai pas vu de temple dans la ville, car Jéhovah Dieu le Tout-Puissant et l'Agneau sont son temple ; la ville n'a besoin ni de soleil ni de lune, car la gloire de Dieu l'éclaire et l'Agneau est sa lampe","À venir ; Ésaïe 60:19,20",À venir,21_REGISTRE_PROPHETIES_6.md,FICHE REPÉRÉE — qualité non entièrement réauditée,FICHES_REVELATION_P951-956.html,Fichier de lot et journal phase 9; revue fiche par fiche restant à faire,,
P957,Révélation 21:24-26,"Les nations marcheront par sa lumière, les rois de la terre apporteront leur gloire dans la ville, et ses portes ne seront jamais fermées",À venir,À venir,21_REGISTRE_PROPHETIES_6.md,FICHE REPÉRÉE — qualité non entièrement réauditée,FICHES_REVELATION_P957-962.html,Fichier de lot et journal phase 9; revue fiche par fiche restant à faire,,
P958,Révélation 21:27,"Rien d'impur, personne pratiquant chose répugnante ou mensonge n'y entrera, mais seulement ceux qui sont écrits dans le rouleau de vie de l'Agneau",À venir,À venir,21_REGISTRE_PROPHETIES_6.md,FICHE REPÉRÉE — qualité non entièrement réauditée,FICHES_REVELATION_P957-962.html,Fichier de lot et journal phase 9; revue fiche par fiche restant à faire,,
P959,"Révélation 22:1,2","Un fleuve d'eau de vie, limpide comme du cristal, sort du trône de Dieu et de l'Agneau ; des deux côtés, l'arbre de vie donne du fruit douze fois et ses feuilles servent à la guérison des nations",À venir ; Ézéchiel 47:1-12 ; Genèse 2:9,À venir,21_REGISTRE_PROPHETIES_6.md,FICHE REPÉRÉE — qualité non entièrement réauditée,FICHES_REVELATION_P957-962.html,Fichier de lot et journal phase 9; revue fiche par fiche restant à faire,,
P960,"Révélation 22:3,4","Il n'y aura plus de malédiction ; le trône de Dieu et de l'Agneau sera dans la ville, ses esclaves lui offriront un service sacré et verront sa face",À venir ; Genèse 3:17-19 annulé,À venir,21_REGISTRE_PROPHETIES_6.md,FICHE REPÉRÉE — qualité non entièrement réauditée,FICHES_REVELATION_P957-962.html,Fichier de lot et journal phase 9; revue fiche par fiche restant à faire,,
P961,Révélation 22:5,"Il n'y aura plus de nuit ; ils n'auront pas besoin de la lumière d'une lampe ni du soleil, car Jéhovah Dieu les éclairera, et ils régneront pour toujours",À venir ; Daniel 7:27,À venir,21_REGISTRE_PROPHETIES_6.md,FICHE REPÉRÉE — qualité non entièrement réauditée,FICHES_REVELATION_P957-962.html,Fichier de lot et journal phase 9; revue fiche par fiche restant à faire,,
P962,"Révélation 22:6,7","Ces paroles sont fidèles et vraies ; le Seigneur a envoyé son ange pour montrer ce qui doit arriver bientôt : voici, je viens bientôt",À venir,À venir,21_REGISTRE_PROPHETIES_6.md,FICHE REPÉRÉE — qualité non entièrement réauditée,FICHES_REVELATION_P957-962.html,Fichier de lot et journal phase 9; revue fiche par fiche restant à faire,,
P963,"Révélation 22:8,9",Ne l'adore pas : adore Dieu,Principe appliqué à Jean ; Révélation 19:10,Accomplie,21_REGISTRE_PROPHETIES_6.md,FICHE REPÉRÉE — qualité non entièrement réauditée,FICHES_REVELATION_P963-968.html,Fichier de lot et journal phase 9; revue fiche par fiche restant à faire,,
P964,Révélation 22:10,"Ne scelle pas les paroles de la prophétie de ce livre, car le temps fixé est proche",Depuis 1914,En cours,21_REGISTRE_PROPHETIES_6.md,FICHE REPÉRÉE — qualité non entièrement réauditée,FICHES_REVELATION_P963-968.html,Fichier de lot et journal phase 9; revue fiche par fiche restant à faire,,
P965,Révélation 22:11,"Que celui qui est injuste persiste, que celui qui est juste persiste : état fixé lorsque le temps du jugement est venu",Depuis 1914,En cours,21_REGISTRE_PROPHETIES_6.md,FICHE REPÉRÉE — qualité non entièrement réauditée,FICHES_REVELATION_P963-968.html,Fichier de lot et journal phase 9; revue fiche par fiche restant à faire,,
P966,"Révélation 22:12,13","Voici, je viens bientôt, et mon salaire est avec moi ; je suis l'Alpha et l'Oméga, le premier et le dernier",À venir ; Révélation 1:8,À venir,21_REGISTRE_PROPHETIES_6.md,FICHE REPÉRÉE — qualité non entièrement réauditée,FICHES_REVELATION_P963-968.html,Fichier de lot et journal phase 9; revue fiche par fiche restant à faire,,
P967,"Révélation 22:14,15",Heureux ceux qui lavent leurs longues robes pour avoir accès à l'arbre de vie et entrer par les portes de la ville,À venir,À venir,21_REGISTRE_PROPHETIES_6.md,FICHE REPÉRÉE — qualité non entièrement réauditée,FICHES_REVELATION_P963-968.html,Fichier de lot et journal phase 9; revue fiche par fiche restant à faire,,
P968,Révélation 22:16,"Jésus : je suis la racine et la descendance de David, l'étoile brillante du matin",33 de n. è. ; Nombres 24:17 ; Révélation 2:28,Accomplie,21_REGISTRE_PROPHETIES_6.md,FICHE REPÉRÉE — qualité non entièrement réauditée,FICHES_REVELATION_P963-968.html,Fichier de lot et journal phase 9; revue fiche par fiche restant à faire,,
P969,Révélation 22:17,"L'esprit et l'épouse disent : Viens ! Que celui qui a soif vienne, que celui qui le veut prenne gratuitement de l'eau de la vie",En cours depuis 1919,En cours,21_REGISTRE_PROPHETIES_6.md,FICHE REPÉRÉE — qualité non entièrement réauditée,FICHES_REVELATION_P969-974.html,Fichier de lot et journal phase 9; revue fiche par fiche restant à faire,,
P970,"Révélation 22:18,19",Avertissement : ne rien ajouter ni retirer aux paroles de la prophétie de ce livre,Principe,Accomplie,21_REGISTRE_PROPHETIES_6.md,FICHE REPÉRÉE — qualité non entièrement réauditée,FICHES_REVELATION_P969-974.html,Fichier de lot et journal phase 9; revue fiche par fiche restant à faire,,
P971,"Révélation 22:20,21","Celui qui atteste ces choses dit : Oui, je viens bientôt. Amen ! Viens, Seigneur Jésus. La faveur imméritée soit avec tous",À venir,À venir,21_REGISTRE_PROPHETIES_6.md,FICHE REPÉRÉE — qualité non entièrement réauditée,FICHES_REVELATION_P969-974.html,Fichier de lot et journal phase 9; revue fiche par fiche restant à faire,,
P972,Révélation 21:5,"Écris, car ces paroles sont fidèles et vraies",Confirmation divine de la vision,Accomplie,21_REGISTRE_PROPHETIES_6.md,FICHE REPÉRÉE — qualité non entièrement réauditée,FICHES_REVELATION_P969-974.html,Fichier de lot et journal phase 9; revue fiche par fiche restant à faire,,
P973,Révélation 20:2,"Identification du dragon, le serpent originel, le Diable et Satan","Genèse 3:1,2 ; 2 Corinthiens 11:3",Accomplie (identifiée),21_REGISTRE_PROPHETIES_6.md,FICHE REPÉRÉE — qualité non entièrement réauditée,FICHES_REVELATION_P969-974.html,Fichier de lot et journal phase 9; revue fiche par fiche restant à faire,,
P974,Révélation 20:6,Ils seront prêtres de Dieu et du Christ et régneront avec lui pendant les mille ans,À venir ; Révélation 5:10,À venir,21_REGISTRE_PROPHETIES_6.md,FICHE REPÉRÉE — qualité non entièrement réauditée,FICHES_REVELATION_P969-974.html,Fichier de lot et journal phase 9; revue fiche par fiche restant à faire,,
P975,"Genèse 1:28 ; Révélation 21:3,4",Le dessein originel de Dieu pour la terre mené à terme : la souveraineté universelle de Jéhovah justifiée,À venir ; Genèse 3:15 ; Révélation 11:15,À venir,21_REGISTRE_PROPHETIES_6.md,FICHE REPÉRÉE — qualité non entièrement réauditée,FICHE_GEN_1_28_REVELATION_21_3-4_P975.html,Fiche individuelle présente,,
P976,"Juges 1:1, 2",Juda montera ; le pays est livré en sa main,Juges 1:3-20,Accomplie,23_REGISTRE_PROPHETIES_7.md,PUBLIÉ — phase 10 lot 1,phase10/FICHES_P976-P980.html,Fiche détaillée avec ancre P; image et MP3 locaux validés,images/P976_juda_monte.jpg,audio/P976_presentation.mp3
P977,Juges 2:1-3,Les nations ne seront pas dépossédées ; elles seront des pièges,Juges 2:3-23 ; 3:1-6,Accomplie,23_REGISTRE_PROPHETIES_7.md,PUBLIÉ — phase 10 lot 1,phase10/FICHES_P976-P980.html,Fiche détaillée avec ancre P; image et MP3 locaux validés,images/P977_bokim.jpg,audio/P977_presentation.mp3
P978,Juges 6:14-16,Gédéon délivrera Israël de Madian ; « je serai avec toi »,Juges 7:1-25,Accomplie,23_REGISTRE_PROPHETIES_7.md,PUBLIÉ — phase 10 lot 1,phase10/FICHES_P976-P980.html,Fiche détaillée avec ancre P; image et MP3 locaux validés,images/P978_gedeon.jpg,audio/P978_presentation.mp3
P979,Juges 13:3-5,"Un fils naîtra, naziréen, et il sauvera Israël de la main des Philistins",Juges 13:24 ; 14:5-16:31,Accomplie,23_REGISTRE_PROPHETIES_7.md,PUBLIÉ — phase 10 lot 1,phase10/FICHES_P976-P980.html,Fiche détaillée avec ancre P; image et MP3 locaux validés,images/P979_naissance_samson.jpg,audio/P979_presentation.mp3
P980,"Juges 20:18, 28",Benjamin sera livré en la main de ses frères (à la troisième montée),Juges 20:35-48,Accomplie,23_REGISTRE_PROPHETIES_7.md,PUBLIÉ — phase 10 lot 1,phase10/FICHES_P976-P980.html,Fiche détaillée avec ancre P; image et MP3 locaux validés,images/P980_bethel.jpg,audio/P980_presentation.mp3
P981,"Marc 13:1, 2",Pas une pierre ne restera sur l'autre,"Luc 19:43, 44 ; 21:5, 6 ; Daniel 9:26",Accomplie,23_REGISTRE_PROPHETIES_7.md,PUBLIÉ — phase 10 lot 2,phase10/FICHES_P981-P985.html,Fiche détaillée avec ancre P; JPG et MP3 français locaux validés,images/P981_temple.jpg,audio/P981_presentation.mp3
P982,Marc 13:5-8,"Faux christs, guerres, nations, royaumes, séismes, disettes : le commencement",Matthieu 24:4-8 ; Luc 21:8-11,En cours,23_REGISTRE_PROPHETIES_7.md,PUBLIÉ — phase 10 lot 2,phase10/FICHES_P981-P985.html,Fiche détaillée avec ancre P; JPG et MP3 français locaux validés,images/P982_tumultes.jpg,audio/P982_presentation.mp3
P983,Marc 13:9-11,"Livrés aux tribunaux, devant gouverneurs et rois, en témoignage",Matthieu 10:17-22 ; Actes 4:1-22 ; 12:1-11 ; 16:19-40 ; 24-26,Accomplie (1er accomplissement) / En cours,23_REGISTRE_PROPHETIES_7.md,PUBLIÉ — phase 10 lot 2,phase10/FICHES_P981-P985.html,Fiche détaillée avec ancre P; JPG et MP3 français locaux validés,images/P983_tribunal.jpg,audio/P983_presentation.mp3
P984,"Marc 13:12, 13","Frère livrera frère, haï de tous à cause du nom ; qui endure sera sauvé",Matthieu 24:9-13,En cours,23_REGISTRE_PROPHETIES_7.md,PUBLIÉ — phase 10 lot 2,phase10/FICHES_P981-P985.html,Fiche détaillée avec ancre P; JPG et MP3 français locaux validés,images/P984_famille.jpg,audio/P984_presentation.mp3
P985,Marc 13:14-20,"L'abomination de la désolation, la fuite, les jours écourtés",Matthieu 24:15-22 ; Luc 21:20-24 ; Daniel 9:27,Accomplie (1er accomplissement) / À venir,23_REGISTRE_PROPHETIES_7.md,PUBLIÉ — phase 10 lot 2,phase10/FICHES_P981-P985.html,Fiche détaillée avec ancre P; JPG et MP3 français locaux validés,images/P985_fuite.jpg,audio/P985_presentation.mp3
P986,Marc 13:21-23,Faux christs et faux prophètes opérant des signes pour égarer les élus,Matthieu 24:23-25,En cours,PUBLIÉ — phase 10 lot 3,phase10/FICHES_P986-P990.html,Fiche détaillée avec ancre P; JPG et MP3 français locaux validés,images/P986_faux_christs.jpg,audio/P986_presentation.mp3,
P987,Marc 13:24-27,"Soleil obscurci, puissances ébranlées, le Fils de l'homme vient sur les nuées","Matthieu 24:29-31 ; Daniel 7:13, 14",À venir,PUBLIÉ — phase 10 lot 3,phase10/FICHES_P986-P990.html,Fiche détaillée avec ancre P; JPG et MP3 français locaux validés,images/P987_fils_homme_nuees.jpg,audio/P987_presentation.mp3,
P988,Marc 13:28-31,Le figuier : mes paroles ne passeront pas,Matthieu 24:32-35,En cours,PUBLIÉ — phase 10 lot 3,phase10/FICHES_P986-P990.html,Fiche détaillée avec ancre P; JPG et MP3 français locaux validés,images/P988_figuier.jpg,audio/P988_presentation.mp3,
P989,Marc 13:32-37,"Le jour et l'heure, personne ne les connaît : veillez","Matthieu 24:36, 42-44",À venir,PUBLIÉ — phase 10 lot 3,phase10/FICHES_P986-P990.html,Fiche détaillée avec ancre P; JPG et MP3 français locaux validés,images/P989_portier_veille.jpg,audio/P989_presentation.mp3,
P990,"Marc 14:27, 30",Tous seront scandalisés ; Pierre le reniera trois fois avant le chant du coq,"Marc 14:50, 66-72",Accomplie,PUBLIÉ — phase 10 lot 3,phase10/FICHES_P986-P990.html,Fiche détaillée avec ancre P; JPG et MP3 français locaux validés,images/P990_pierre.jpg,audio/P990_presentation.mp3,
P991,Marc 14:62,Le Fils de l'homme assis à la droite de la Puissance et venant avec les nuées,"Matthieu 26:64 ; Actes 7:55, 56",Accomplie / À venir,PUBLIÉ — phase 10 lot 4,phase10/FICHES_P991-P995.html,Fiche détaillée avec ancre P; JPG et MP3 français locaux validés,images/P991_fils_homme.jpg,audio/P991_presentation.mp3,
P992,"Marc 12:10, 11",La pierre rejetée par les bâtisseurs devient la tête de l'angle,"Actes 4:10, 11 ; Éphésiens 2:20",Accomplie,PUBLIÉ — phase 10 lot 4,phase10/FICHES_P991-P995.html,Fiche détaillée avec ancre P; JPG et MP3 français locaux validés,images/P992_pierre_angle.jpg,audio/P992_presentation.mp3,
P993,"Marc 10:33, 34","Condamné, moqué, fouetté, tué, et ressuscité trois jours après",Marc 15:1-16:6 ; Matthieu 16:21,Accomplie,PUBLIÉ — phase 10 lot 4,phase10/FICHES_P991-P995.html,Fiche détaillée avec ancre P; JPG et MP3 français locaux validés,images/P993_chemin_passion.jpg,audio/P993_presentation.mp3,
P994,Colossiens 3:4,"Quand le Christ sera manifesté, ceux qui sont unis à lui seront manifestés avec lui dans la gloire","1 Jean 3:2 ; Romains 8:18, 19",À venir,PUBLIÉ — phase 10 lot 4,phase10/FICHES_P991-P995.html,Fiche détaillée avec ancre P; JPG et MP3 français locaux validés,images/P994_gloire_manifestee.jpg,audio/P994_presentation.mp3,
P995,"Jean 5:28, 29",Tous ceux qui sont dans les tombes entendront sa voix et sortiront,"Actes 24:15 ; Jean 11:43, 44",À venir,PUBLIÉ — phase 10 lot 4,phase10/FICHES_P991-P995.html,Fiche détaillée avec ancre P; JPG et MP3 français locaux validés,images/P995_resurrection_tombes.jpg,audio/P995_presentation.mp3,
P996,"Jean 6:39, 40, 44, 54",Je le ressusciterai au dernier jour,"Actes 24:15 ; 1 Corinthiens 15:22, 23",À venir,23_REGISTRE_PROPHETIES_7.md,PUBLIÉ — phase 10 lot 5,phase10/FICHES_P996-P1000.html,Fiche détaillée avec ancre P; JPG et MP3 français locaux validés,images/P996_pain_vie.jpg,audio/P996_presentation.mp3
P997,"Jean 14:2, 3","Je vais vous préparer une place, puis je viens vous prendre avec moi",1 Thessaloniciens 4:15-17,À venir,23_REGISTRE_PROPHETIES_7.md,PUBLIÉ — phase 10 lot 5,phase10/FICHES_P996-P1000.html,Fiche détaillée avec ancre P; JPG et MP3 français locaux validés,images/P997_maison_pere.jpg,audio/P997_presentation.mp3
P998,"Jean 16:2, 3","Exclusion des synagogues, mise à mort, au nom d'un culte rendu à Dieu","Actes 8:1-3 ; 9:1, 2 ; 12:1-3 ; 26:9-11",Accomplie,23_REGISTRE_PROPHETIES_7.md,PUBLIÉ — phase 10 lot 5,phase10/FICHES_P996-P1000.html,Fiche détaillée avec ancre P; JPG et MP3 français locaux validés,images/P998_synagogue.jpg,audio/P998_presentation.mp3
P999,"Jean 21:18, 19",Pierre sera emmené où il ne veut pas : mort qui glorifie Dieu,Jean 21:19 ; 2 Pierre 1:14,Accomplie,23_REGISTRE_PROPHETIES_7.md,PUBLIÉ — phase 10 lot 5,phase10/FICHES_P996-P1000.html,Fiche détaillée avec ancre P; JPG et MP3 français locaux validés,images/P999_pierre_vieux.jpg,audio/P999_presentation.mp3
P1000,Jean 12:31-33,"Le prince de ce monde sera jeté dehors ; par sa mort, il attire à lui","Jean 12:33 ; 18:31, 32 ; Révélation 12:9-11",Accomplie / En cours,23_REGISTRE_PROPHETIES_7.md,PUBLIÉ — phase 10 lot 5,phase10/FICHES_P996-P1000.html,Fiche détaillée avec ancre P; JPG et MP3 français locaux validés,images/P1000_tous_attires.jpg,audio/P1000_presentation.mp3
